order_id,date,region,category,product,unit_price,quantity,discount,revenue
ORD-1000,2023-01-01 00:00:00.000000,South,Furniture,Bookshelf,524.97,5.0,0.05,2493.61
ORD-1001,2023-01-01 08:44:41.081081,West,Sports,Tennis Racket,177.61,3.0,0.05,506.19
ORD-1002,2023-01-01 17:29:22.162162,North,Groceries,Coffee,15.44,9.0,0.1,125.06
ORD-1003,2023-01-02 02:14:03.243243,East,Sports,Tennis Racket,135.54,9.0,0.1,1097.87
ORD-1004,2023-01-02 10:58:44.324324,East,Sports,Running Shoes,190.51,6.0,0.1,1028.75
ORD-1005,2023-01-02 19:43:25.405405,East,Clothing,Shoes,109.42,1.0,0.15,93.01
ORD-1006,2023-01-03 04:28:06.486486,East,Groceries,Pasta,49.45,7.0,0.15,294.23
ORD-1007,2023-01-03 13:12:47.567567,West,Groceries,Rice,11.14,7.0,0.2,62.38
ORD-1008,2023-01-03 21:57:28.648648,West,Groceries,Coffee,36.28,4.0,0.1,130.61
ORD-1009,2023-01-04 06:42:09.729729,South,Sports,Dumbbells,139.17,8.0,0.0,1113.36
ORD-1010,2023-01-04 15:26:50.810810,West,Furniture,Chair,399.74,6.0,0.2,1918.75
ORD-1011,2023-01-05 00:11:31.891891,South,Groceries,Olive Oil,37.29,4.0,0.0,149.16
ORD-1012,2023-01-05 08:56:12.972972,South,Sports,Running Shoes,216.96,4.0,0.15,737.66
ORD-1013,2023-01-05 17:40:54.054054,East,Clothing,T-Shirt,198.43,2.0,0.2,317.49
ORD-1014,2023-01-06 02:25:35.135135,West,Furniture,Sofa,189.88,2.0,0.2,303.81
ORD-1015,2023-01-06 11:10:16.216216,West,Clothing,T-Shirt,38.74,4.0,0.05,147.21
ORD-1016,2023-01-06 19:54:57.297297,South,Furniture,Lamp,607.04,5.0,0.15,2579.92
ORD-1017,2023-01-07 04:39:38.378378,South,Sports,Running Shoes,186.16,8.0,0.15,1265.89
ORD-1018,2023-01-07 13:24:19.459459,North,Electronics,Phone,556.41,6.0,0.2,2670.77
ORD-1019,2023-01-07 22:09:00.540540,North,Furniture,Bookshelf,155.59,4.0,0.15,529.01
ORD-1020,2023-01-08 06:53:41.621621,South,Clothing,T-Shirt,35.42,7.0,0.2,198.35
ORD-1021,2023-01-08 15:38:22.702702,North,Sports,Yoga Mat,271.43,8.0,0.05,2062.87
ORD-1022,2023-01-09 00:23:03.783783,North,Furniture,Sofa,234.31,2.0,0.2,374.9
ORD-1023,2023-01-09 09:07:44.864864,South,Electronics,Monitor,620.38,7.0,0.15,3691.26
ORD-1024,2023-01-09 17:52:25.945945,South,Electronics,Laptop,494.65,2.0,0.15,840.9
ORD-1025,2023-01-10 02:37:07.027027,West,Groceries,Cereal,20.97,2.0,0.2,33.55
ORD-1026,2023-01-10 11:21:48.108108,South,Groceries,Rice,8.12,8.0,0.2,51.97
ORD-1027,2023-01-10 20:06:29.189189,South,Clothing,Jeans,113.43,2.0,0.2,181.49
ORD-1028,2023-01-11 04:51:10.270270,East,Furniture,Bookshelf,147.33,9.0,0.1,1193.37
ORD-1029,2023-01-11 13:35:51.351351,West,Furniture,Chair,660.25,1.0,0.15,561.21
ORD-1030,2023-01-11 22:20:32.432432,West,Groceries,Cereal,15.52,9.0,0.15,118.73
ORD-1031,2023-01-12 07:05:13.513513,West,Furniture,Desk,478.01,1.0,0.1,430.21
ORD-1032,2023-01-12 15:49:54.594594,East,Furniture,Chair,716.06,2.0,0.2,1145.7
ORD-1033,2023-01-13 00:34:35.675675,South,Electronics,Tablet,1046.14,6.0,0.05,5963.0
ORD-1034,2023-01-13 09:19:16.756756,West,Groceries,Coffee,28.98,6.0,0.2,139.1
ORD-1035,2023-01-13 18:03:57.837837,West,Sports,Yoga Mat,117.57,1.0,0.2,94.06
ORD-1036,2023-01-14 02:48:38.918918,North,Groceries,Pasta,19.99,7.0,0.1,125.94
ORD-1037,2023-01-14 11:33:20.000000,West,Sports,Cycling Helmet,210.76,8.0,0.15,1433.17
ORD-1038,2023-01-14 20:18:01.081081,South,Electronics,Phone,1492.38,2.0,0.2,2387.81
ORD-1039,2023-01-15 05:02:42.162162,South,Clothing,Jeans,139.13,8.0,,946.08
ORD-1040,2023-01-15 13:47:23.243243,North,Furniture,Sofa,490.45,9.0,0.0,4414.05
ORD-1041,2023-01-15 22:32:04.324324,West,Electronics,Phone,1149.85,6.0,0.15,5864.24
ORD-1042,2023-01-16 07:16:45.405405,West,Furniture,Sofa,425.64,5.0,0.05,2021.79
ORD-1043,2023-01-16 16:01:26.486486,West,Clothing,T-Shirt,30.83,9.0,0.05,263.6
ORD-1044,2023-01-17 00:46:07.567567,East,Clothing,Jacket,121.21,9.0,0.2,872.71
ORD-1045,2023-01-17 09:30:48.648648,West,Electronics,Tablet,1444.91,1.0,0.15,1228.17
ORD-1046,2023-01-17 18:15:29.729729,South,Clothing,Dress,51.55,3.0,0.2,123.72
ORD-1047,2023-01-18 03:00:10.810810,South,Sports,Cycling Helmet,216.3,9.0,0.1,1752.03
ORD-1048,2023-01-18 11:44:51.891891,East,Clothing,Jacket,56.17,2.0,0.05,106.72
ORD-1049,2023-01-18 20:29:32.972972,East,Furniture,Chair,475.08,4.0,0.2,1520.26
ORD-1050,2023-01-19 05:14:14.054054,West,Furniture,Bookshelf,167.67,4.0,0.1,603.61
ORD-1051,2023-01-19 13:58:55.135135,North,Furniture,Lamp,415.26,2.0,0.2,664.42
ORD-1052,2023-01-19 22:43:36.216216,East,Furniture,Chair,629.31,3.0,0.15,1604.74
ORD-1053,2023-01-20 07:28:17.297297,East,Sports,Yoga Mat,123.84,3.0,0.15,315.79
ORD-1054,2023-01-20 16:12:58.378378,West,Groceries,Cereal,34.92,1.0,,29.68
ORD-1055,2023-01-21 00:57:39.459459,West,Electronics,Tablet,1234.08,6.0,0.15,6293.81
ORD-1056,2023-01-21 09:42:20.540540,East,Furniture,Desk,749.02,8.0,0.0,5992.16
ORD-1057,2023-01-21 18:27:01.621621,North,Clothing,Dress,62.24,3.0,0.1,168.05
ORD-1058,2023-01-22 03:11:42.702702,East,Furniture,Desk,379.52,5.0,0.1,1707.84
ORD-1059,2023-01-22 11:56:23.783783,West,Clothing,Shoes,,1.0,0.15,40.32
ORD-1060,2023-01-22 20:41:04.864864,West,Clothing,T-Shirt,198.65,7.0,0.0,1390.55
ORD-1061,2023-01-23 05:25:45.945945,East,Furniture,Chair,748.9,1.0,0.15,636.56
ORD-1062,2023-01-23 14:10:27.027027,North,Sports,Tennis Racket,175.79,9.0,0.0,1582.11
ORD-1063,2023-01-23 22:55:08.108108,East,Clothing,T-Shirt,171.57,8.0,0.15,1166.68
ORD-1064,2023-01-24 07:39:49.189189,East,Clothing,T-Shirt,113.77,7.0,0.05,756.57
ORD-1065,2023-01-24 16:24:30.270270,West,Furniture,Bookshelf,536.51,7.0,0.05,3567.79
ORD-1066,2023-01-25 01:09:11.351351,North,Clothing,Dress,36.04,5.0,0.2,144.16
ORD-1067,2023-01-25 09:53:52.432432,South,Clothing,Shoes,155.95,5.0,0.15,662.79
ORD-1068,2023-01-25 18:38:33.513513,North,Furniture,Chair,189.4,5.0,0.1,852.3
ORD-1069,2023-01-26 03:23:14.594594,East,Furniture,Chair,678.25,1.0,0.2,542.6
ORD-1070,2023-01-26 12:07:55.675675,East,Electronics,Monitor,1216.64,8.0,0.05,9246.46
ORD-1071,2023-01-26 20:52:36.756756,East,Sports,Cycling Helmet,221.36,1.0,0.15,188.16
ORD-1072,2023-01-27 05:37:17.837837,North,Sports,Cycling Helmet,39.76,4.0,0.2,127.23
ORD-1073,2023-01-27 14:21:58.918918,West,Clothing,Jacket,74.56,9.0,0.15,570.38
ORD-1074,2023-01-27 23:06:40.000000,East,Sports,Running Shoes,101.04,9.0,0.05,863.89
ORD-1075,2023-01-28 07:51:21.081081,East,Clothing,T-Shirt,84.82,5.0,0.2,339.28
ORD-1076,2023-01-28 16:36:02.162162,North,Electronics,Monitor,313.94,4.0,0.05,1192.97
ORD-1077,2023-01-29 01:20:43.243243,South,Furniture,Lamp,755.87,,,2267.61
ORD-1078,2023-01-29 10:05:24.324324,South,Furniture,Sofa,487.66,3.0,0.05,1389.83
ORD-1079,2023-01-29 18:50:05.405405,West,Furniture,Desk,313.87,5.0,0.15,1333.95
ORD-1080,2023-01-30 03:34:46.486486,West,Sports,Yoga Mat,137.19,1.0,0.1,123.47
ORD-1081,2023-01-30 12:19:27.567567,East,Electronics,Tablet,781.36,5.0,0.05,3711.46
ORD-1082,2023-01-30 21:04:08.648648,North,Sports,Dumbbells,192.16,6.0,0.1,1037.66
ORD-1083,2023-01-31 05:48:49.729729,East,Sports,Dumbbells,169.23,7.0,0.0,1184.61
ORD-1084,2023-01-31 14:33:30.810810,West,Electronics,Headphones,1395.21,9.0,0.2,10045.51
ORD-1085,2023-01-31 23:18:11.891891,North,Electronics,Laptop,846.05,3.0,0.2,2030.52
ORD-1086,2023-02-01 08:02:52.972972,North,Electronics,Phone,1489.81,2.0,0.1,2681.66
ORD-1087,2023-02-01 16:47:34.054054,West,Electronics,Tablet,1306.85,3.0,0.2,3136.44
ORD-1088,2023-02-02 01:32:15.135135,South,Furniture,Bookshelf,245.96,9.0,0.05,2102.96
ORD-1089,2023-02-02 10:16:56.216216,South,Groceries,Rice,46.88,7.0,0.1,295.34
ORD-1090,2023-02-02 19:01:37.297297,North,Groceries,Cereal,10.24,9.0,0.15,78.34
ORD-1091,2023-02-03 03:46:18.378378,East,Electronics,Tablet,1262.68,2.0,0.05,2399.09
ORD-1092,2023-02-03 12:30:59.459459,South,Groceries,Pasta,22.13,5.0,0.05,105.12
ORD-1093,2023-02-03 21:15:40.540540,East,Groceries,Pasta,44.51,4.0,0.05,169.14
ORD-1094,2023-02-04 06:00:21.621621,South,Electronics,Tablet,1328.47,2.0,0.15,2258.4
ORD-1095,2023-02-04 14:45:02.702702,South,Groceries,Pasta,41.27,9.0,0.0,371.43
ORD-1096,2023-02-04 23:29:43.783783,East,Sports,Tennis Racket,243.31,9.0,0.2,1751.83
ORD-1097,2023-02-05 08:14:24.864864,West,Clothing,T-Shirt,74.84,6.0,0.1,404.14
ORD-1098,2023-02-05 16:59:05.945945,South,Clothing,Dress,34.57,6.0,0.0,207.42
ORD-1099,2023-02-06 01:43:47.027027,South,Electronics,Phone,723.87,8.0,0.1,5211.86
ORD-1100,2023-02-06 10:28:28.108108,East,Furniture,Lamp,221.47,6.0,0.2,1063.06
ORD-1101,2023-02-06 19:13:09.189189,West,Electronics,Laptop,,1.0,0.15,937.92
ORD-1102,2023-02-07 03:57:50.270270,South,Furniture,Chair,342.27,4.0,0.05,1300.63
ORD-1103,2023-02-07 12:42:31.351351,South,Clothing,Jacket,195.61,7.0,0.05,1300.81
ORD-1104,2023-02-07 21:27:12.432432,West,Electronics,Tablet,1033.26,2.0,0.15,1756.54
ORD-1105,2023-02-08 06:11:53.513513,South,Sports,Running Shoes,252.07,9.0,0.0,2268.63
ORD-1106,2023-02-08 14:56:34.594594,West,Groceries,Rice,10.96,8.0,0.0,87.68
ORD-1107,2023-02-08 23:41:15.675675,West,Furniture,Lamp,703.41,8.0,0.1,5064.55
ORD-1108,2023-02-09 08:25:56.756756,East,Groceries,Olive Oil,46.52,7.0,0.15,276.79
ORD-1109,2023-02-09 17:10:37.837837,North,Groceries,Olive Oil,26.92,4.0,0.0,107.68
ORD-1110,2023-02-10 01:55:18.918918,West,Electronics,Laptop,988.13,2.0,0.15,1679.82
ORD-1111,2023-02-10 10:40:00.000000,East,Groceries,Coffee,39.42,3.0,0.2,94.61
ORD-1112,2023-02-10 19:24:41.081081,North,Sports,Dumbbells,,6.0,0.05,440.1
ORD-1113,2023-02-11 04:09:22.162162,South,Groceries,Olive Oil,27.62,5.0,0.05,131.2
ORD-1114,2023-02-11 12:54:03.243243,North,Electronics,Tablet,718.26,8.0,0.05,5458.78
ORD-1115,2023-02-11 21:38:44.324324,West,Sports,Tennis Racket,69.52,6.0,0.15,354.55
ORD-1116,2023-02-12 06:23:25.405405,West,Clothing,Dress,86.16,6.0,0.15,439.42
ORD-1117,2023-02-12 15:08:06.486486,West,Groceries,Cereal,8.07,1.0,0.1,7.26
ORD-1118,2023-02-12 23:52:47.567567,West,Electronics,Monitor,233.56,4.0,0.05,887.53
ORD-1119,2023-02-13 08:37:28.648648,West,Clothing,Jeans,44.33,5.0,0.1,199.48
ORD-1120,2023-02-13 17:22:09.729729,East,Clothing,Jeans,193.36,3.0,0.05,551.08
ORD-1121,2023-02-14 02:06:50.810810,West,Furniture,Chair,484.67,9.0,0.1,3925.83
ORD-1122,2023-02-14 10:51:31.891891,East,Sports,Running Shoes,290.77,1.0,0.1,261.69
ORD-1123,2023-02-14 19:36:12.972972,South,Groceries,Olive Oil,24.46,6.0,0.2,117.41
ORD-1124,2023-02-15 04:20:54.054054,West,Electronics,Monitor,605.36,6.0,0.1,3268.94
ORD-1125,2023-02-15 13:05:35.135135,West,Furniture,Sofa,454.3,5.0,0.15,1930.78
ORD-1126,2023-02-15 21:50:16.216216,North,Sports,Tennis Racket,148.67,5.0,0.1,669.02
ORD-1127,2023-02-16 06:34:57.297297,South,Furniture,Lamp,173.97,5.0,0.05,826.36
ORD-1128,2023-02-16 15:19:38.378378,West,Sports,Tennis Racket,203.02,6.0,0.1,1096.31
ORD-1129,2023-02-17 00:04:19.459459,West,Sports,Dumbbells,88.33,8.0,0.0,706.64
ORD-1130,2023-02-17 08:49:00.540540,South,Groceries,Pasta,32.88,2.0,0.05,62.47
ORD-1131,2023-02-17 17:33:41.621621,East,Sports,Yoga Mat,205.55,6.0,0.0,1233.3
ORD-1132,2023-02-18 02:18:22.702702,West,Furniture,Lamp,206.42,1.0,0.05,196.1
ORD-1133,2023-02-18 11:03:03.783783,North,Sports,Tennis Racket,46.56,4.0,0.15,158.3
ORD-1134,2023-02-18 19:47:44.864864,West,Groceries,Olive Oil,40.13,3.0,,102.33
ORD-1135,2023-02-19 04:32:25.945945,North,Groceries,Pasta,25.69,9.0,0.15,196.53
ORD-1136,2023-02-19 13:17:07.027027,North,Furniture,Desk,140.71,3.0,0.0,422.13
ORD-1137,2023-02-19 22:01:48.108108,West,Clothing,Jacket,199.08,6.0,0.2,955.58
ORD-1138,2023-02-20 06:46:29.189189,West,Clothing,Dress,30.4,1.0,0.05,28.88
ORD-1139,2023-02-20 15:31:10.270270,North,Sports,Tennis Racket,217.66,6.0,0.15,1110.07
ORD-1140,2023-02-21 00:15:51.351351,South,Electronics,Monitor,1478.78,4.0,0.05,5619.36
ORD-1141,2023-02-21 09:00:32.432432,South,Sports,Running Shoes,94.58,8.0,0.0,756.64
ORD-1142,2023-02-21 17:45:13.513513,West,Furniture,Chair,199.57,9.0,0.2,1436.9
ORD-1143,2023-02-22 02:29:54.594594,East,Furniture,Desk,184.97,4.0,0.0,739.88
ORD-1144,2023-02-22 11:14:35.675675,South,Furniture,Lamp,312.29,6.0,0.05,1780.05
ORD-1145,2023-02-22 19:59:16.756756,West,Furniture,Bookshelf,170.73,1.0,0.2,136.58
ORD-1146,2023-02-23 04:43:57.837837,South,Furniture,Sofa,584.51,4.0,0.2,1870.43
ORD-1147,2023-02-23 13:28:38.918918,East,Groceries,Coffee,7.8,7.0,0.0,54.6
ORD-1148,2023-02-23 22:13:20.000000,West,Clothing,Jeans,111.7,1.0,0.15,94.94
ORD-1149,2023-02-24 06:58:01.081081,East,Furniture,Bookshelf,797.69,8.0,0.05,6062.44
ORD-1150,2023-02-24 15:42:42.162162,West,Electronics,Laptop,1258.16,6.0,0.1,6794.06
ORD-1151,2023-02-25 00:27:23.243243,East,Electronics,Phone,999.79,5.0,0.1,4499.06
ORD-1152,2023-02-25 09:12:04.324324,South,Electronics,Tablet,598.13,9.0,0.0,5383.17
ORD-1153,2023-02-25 17:56:45.405405,South,Electronics,Laptop,1011.06,2.0,0.05,1921.01
ORD-1154,2023-02-26 02:41:26.486486,East,Groceries,Pasta,28.72,5.0,0.05,136.42
ORD-1155,2023-02-26 11:26:07.567567,East,Electronics,Tablet,753.91,6.0,0.0,4523.46
ORD-1156,2023-02-26 20:10:48.648648,East,Furniture,Chair,191.5,7.0,0.05,1273.47
ORD-1157,2023-02-27 04:55:29.729729,West,Sports,Yoga Mat,269.38,5.0,0.15,1144.86
ORD-1158,2023-02-27 13:40:10.810810,South,Electronics,Phone,784.72,9.0,0.0,7062.48
ORD-1159,2023-02-27 22:24:51.891891,West,Groceries,Cereal,13.76,1.0,0.15,11.7
ORD-1160,2023-02-28 07:09:32.972972,South,Groceries,Rice,21.55,7.0,0.05,143.31
ORD-1161,2023-02-28 15:54:14.054054,North,Electronics,Laptop,738.37,7.0,0.0,5168.59
ORD-1162,2023-03-01 00:38:55.135135,West,Sports,Cycling Helmet,253.44,4.0,0.05,963.07
ORD-1163,2023-03-01 09:23:36.216216,South,Electronics,Headphones,1153.7,9.0,0.0,10383.3
ORD-1164,2023-03-01 18:08:17.297297,South,Groceries,Pasta,39.62,5.0,0.05,188.2
ORD-1165,2023-03-02 02:52:58.378378,West,Clothing,Jeans,21.99,4.0,0.15,74.77
ORD-1166,2023-03-02 11:37:39.459459,West,Furniture,Lamp,391.31,7.0,0.15,2328.29
ORD-1167,2023-03-02 20:22:20.540540,South,Groceries,Cereal,26.66,4.0,0.05,101.31
ORD-1168,2023-03-03 05:07:01.621621,West,Electronics,Phone,224.95,3.0,0.0,674.85
ORD-1169,2023-03-03 13:51:42.702702,East,Furniture,Lamp,281.87,9.0,0.1,2283.15
ORD-1170,2023-03-03 22:36:23.783783,West,Electronics,Tablet,1188.38,8.0,0.15,8080.98
ORD-1171,2023-03-04 07:21:04.864864,West,Electronics,Phone,378.24,1.0,0.15,321.5
ORD-1172,2023-03-04 16:05:45.945945,West,Clothing,Shoes,116.36,7.0,0.1,733.07
ORD-1173,2023-03-05 00:50:27.027027,South,Furniture,Desk,250.64,9.0,0.05,2142.97
ORD-1174,2023-03-05 09:35:08.108108,East,Furniture,Bookshelf,108.48,8.0,0.0,867.84
ORD-1175,2023-03-05 18:19:49.189189,North,Clothing,T-Shirt,63.42,8.0,0.05,481.99
ORD-1176,2023-03-06 03:04:30.270270,North,Groceries,Pasta,48.91,6.0,0.2,234.77
ORD-1177,2023-03-06 11:49:11.351351,East,Electronics,Laptop,1242.0,4.0,0.15,4222.8
ORD-1178,2023-03-06 20:33:52.432432,East,Sports,Running Shoes,289.09,8.0,0.2,1850.18
ORD-1179,2023-03-07 05:18:33.513513,East,Electronics,Laptop,834.21,3.0,0.15,2127.24
ORD-1180,2023-03-07 14:03:14.594594,South,Electronics,Phone,342.66,9.0,0.15,2621.35
ORD-1181,2023-03-07 22:47:55.675675,North,Groceries,Coffee,29.66,2.0,0.2,47.46
ORD-1182,2023-03-08 07:32:36.756756,East,Electronics,Monitor,790.69,2.0,0.2,1265.1
ORD-1183,2023-03-08 16:17:17.837837,South,Clothing,Jeans,171.98,7.0,0.05,1143.67
ORD-1184,2023-03-09 01:01:58.918918,North,Clothing,Shoes,37.65,4.0,0.2,120.48
ORD-1185,2023-03-09 09:46:40.000000,West,Furniture,Sofa,441.77,8.0,0.05,3357.45
ORD-1186,2023-03-09 18:31:21.081081,South,Sports,Yoga Mat,70.51,9.0,0.05,602.86
ORD-1187,2023-03-10 03:16:02.162162,North,Electronics,Tablet,622.08,7.0,0.05,4136.83
ORD-1188,2023-03-10 12:00:43.243243,South,Electronics,Phone,1158.56,5.0,0.15,4923.88
ORD-1189,2023-03-10 20:45:24.324324,North,Groceries,Coffee,26.42,8.0,0.15,179.66
ORD-1190,2023-03-11 05:30:05.405405,North,Clothing,Shoes,87.66,4.0,0.2,280.51
ORD-1191,2023-03-11 14:14:46.486486,West,Sports,Yoga Mat,136.51,2.0,0.15,232.07
ORD-1192,2023-03-11 22:59:27.567567,South,Furniture,Lamp,421.61,6.0,0.2,2023.73
ORD-1193,2023-03-12 07:44:08.648648,East,Clothing,Jeans,161.3,9.0,0.15,1233.94
ORD-1194,2023-03-12 16:28:49.729729,West,Furniture,Lamp,724.46,1.0,0.0,724.46
ORD-1195,2023-03-13 01:13:30.810810,West,Groceries,Rice,47.99,7.0,0.0,335.93
ORD-1196,2023-03-13 09:58:11.891891,North,Groceries,Pasta,40.41,9.0,0.2,290.95
ORD-1197,2023-03-13 18:42:52.972972,East,Electronics,Monitor,610.03,9.0,0.15,4666.73
ORD-1198,2023-03-14 03:27:34.054054,South,Sports,Tennis Racket,215.8,3.0,0.15,550.29
ORD-1199,2023-03-14 12:12:15.135135,East,Furniture,Desk,406.32,5.0,0.05,1930.02
ORD-1200,2023-03-14 20:56:56.216216,East,Clothing,Jeans,65.84,8.0,0.1,474.05
ORD-1201,2023-03-15 05:41:37.297297,East,Groceries,Coffee,42.84,,0.2,274.18
ORD-1202,2023-03-15 14:26:18.378378,East,Electronics,Tablet,249.95,4.0,0.1,899.82
ORD-1203,2023-03-15 23:10:59.459459,East,Electronics,Laptop,1372.29,1.0,0.1,1235.06
ORD-1204,2023-03-16 07:55:40.540540,North,Furniture,Sofa,423.03,1.0,0.2,338.42
ORD-1205,2023-03-16 16:40:21.621621,North,Groceries,Cereal,33.67,4.0,0.15,114.48
ORD-1206,2023-03-17 01:25:02.702702,West,Sports,Tennis Racket,208.03,6.0,0.2,998.54
ORD-1207,2023-03-17 10:09:43.783783,North,Groceries,Olive Oil,45.28,8.0,0.1,326.02
ORD-1208,2023-03-17 18:54:24.864864,West,Furniture,Desk,545.67,6.0,0.15,2782.92
ORD-1209,2023-03-18 03:39:05.945945,West,Furniture,Lamp,529.75,9.0,0.0,4767.75
ORD-1210,2023-03-18 12:23:47.027027,South,Groceries,Cereal,8.0,9.0,0.2,57.6
ORD-1211,2023-03-18 21:08:28.108108,East,Furniture,Sofa,462.89,2.0,0.2,740.62
ORD-1212,2023-03-19 05:53:09.189189,North,Groceries,Olive Oil,11.76,1.0,0.15,10.0
ORD-1213,2023-03-19 14:37:50.270270,South,Clothing,Dress,152.74,2.0,0.0,305.48
ORD-1214,2023-03-19 23:22:31.351351,North,Groceries,Rice,28.05,5.0,0.0,140.25
ORD-1215,2023-03-20 08:07:12.432432,West,Groceries,Olive Oil,35.61,4.0,0.15,121.07
ORD-1216,2023-03-20 16:51:53.513513,North,Furniture,Sofa,129.17,4.0,0.05,490.85
ORD-1217,2023-03-21 01:36:34.594594,East,Furniture,Desk,159.35,9.0,0.2,1147.32
ORD-1218,2023-03-21 10:21:15.675675,West,Electronics,Monitor,1131.22,8.0,0.2,7239.81
ORD-1219,2023-03-21 19:05:56.756756,West,Electronics,Laptop,293.71,6.0,0.1,1586.03
ORD-1220,2023-03-22 03:50:37.837837,South,Clothing,Jeans,32.83,1.0,0.15,27.91
ORD-1221,2023-03-22 12:35:18.918918,East,Electronics,Headphones,215.74,2.0,0.1,388.33
ORD-1222,2023-03-22 21:20:00.000000,West,Groceries,Coffee,48.04,6.0,0.1,259.42
ORD-1223,2023-03-23 06:04:41.081081,East,Furniture,Sofa,616.26,2.0,0.0,1232.52
ORD-1224,2023-03-23 14:49:22.162162,North,Electronics,Tablet,659.23,5.0,0.2,2636.92
ORD-1225,2023-03-23 23:34:03.243243,East,Electronics,Headphones,585.5,5.0,0.1,2634.75
ORD-1226,2023-03-24 08:18:44.324324,West,Clothing,Jacket,82.95,6.0,0.0,497.7
ORD-1227,2023-03-24 17:03:25.405405,South,Clothing,T-Shirt,159.44,6.0,0.15,813.14
ORD-1228,2023-03-25 01:48:06.486486,West,Groceries,Olive Oil,34.76,6.0,0.1,187.7
ORD-1229,2023-03-25 10:32:47.567567,East,Furniture,Lamp,229.64,2.0,0.2,367.42
ORD-1230,2023-03-25 19:17:28.648648,East,Clothing,Jacket,51.34,3.0,0.1,138.62
ORD-1231,2023-03-26 04:02:09.729729,West,Electronics,Phone,327.91,6.0,0.15,1672.34
ORD-1232,2023-03-26 12:46:50.810810,East,Furniture,Chair,562.21,8.0,0.1,4047.91
ORD-1233,2023-03-26 21:31:31.891891,North,Furniture,Desk,635.06,1.0,0.2,508.05
ORD-1234,2023-03-27 06:16:12.972972,West,Electronics,Phone,544.56,1.0,0.0,544.56
ORD-1235,2023-03-27 15:00:54.054054,South,Clothing,Shoes,23.77,2.0,0.2,38.03
ORD-1236,2023-03-27 23:45:35.135135,West,Electronics,Laptop,306.82,6.0,0.0,1840.92
ORD-1237,2023-03-28 08:30:16.216216,North,Furniture,Chair,777.5,9.0,0.05,6647.62
ORD-1238,2023-03-28 17:14:57.297297,North,Sports,Yoga Mat,109.77,4.0,0.2,351.26
ORD-1239,2023-03-29 01:59:38.378378,North,Sports,Yoga Mat,237.69,3.0,0.2,570.46
ORD-1240,2023-03-29 10:44:19.459459,North,Groceries,Rice,33.11,8.0,0.15,225.15
ORD-1241,2023-03-29 19:29:00.540540,North,Electronics,Monitor,696.52,9.0,0.1,5641.81
ORD-1242,2023-03-30 04:13:41.621621,South,Electronics,Tablet,467.39,5.0,0.0,2336.95
ORD-1243,2023-03-30 12:58:22.702702,East,Groceries,Pasta,10.46,9.0,0.0,94.14
ORD-1244,2023-03-30 21:43:03.783783,North,Groceries,Rice,32.68,2.0,0.15,55.56
ORD-1245,2023-03-31 06:27:44.864864,North,Groceries,Olive Oil,39.86,3.0,0.15,101.64
ORD-1246,2023-03-31 15:12:25.945945,West,Furniture,Sofa,550.73,7.0,0.1,3469.6
ORD-1247,2023-03-31 23:57:07.027027,South,Electronics,Phone,889.39,7.0,0.1,5603.16
ORD-1248,2023-04-01 08:41:48.108108,South,Furniture,Lamp,129.37,6.0,0.2,620.98
ORD-1249,2023-04-01 17:26:29.189189,East,Groceries,Coffee,48.58,6.0,0.05,276.91
ORD-1250,2023-04-02 02:11:10.270270,South,Electronics,Headphones,1238.33,2.0,0.1,2228.99
ORD-1251,2023-04-02 10:55:51.351351,West,Furniture,Sofa,304.98,6.0,0.15,1555.4
ORD-1252,2023-04-02 19:40:32.432432,West,Furniture,Desk,785.98,4.0,0.1,2829.53
ORD-1253,2023-04-03 04:25:13.513513,East,Groceries,Coffee,32.08,3.0,0.0,96.24
ORD-1254,2023-04-03 13:09:54.594594,West,Electronics,Tablet,957.15,2.0,0.05,1818.58
ORD-1255,2023-04-03 21:54:35.675675,North,Groceries,Cereal,38.66,1.0,0.2,30.93
ORD-1256,2023-04-04 06:39:16.756756,North,Electronics,Headphones,1255.3,5.0,0.0,6276.5
ORD-1257,2023-04-04 15:23:57.837837,West,Sports,Cycling Helmet,207.25,2.0,0.0,414.5
ORD-1258,2023-04-05 00:08:38.918918,East,Clothing,Jacket,43.06,2.0,0.05,81.81
ORD-1259,2023-04-05 08:53:20.000000,South,Clothing,T-Shirt,80.89,7.0,0.2,452.98
ORD-1260,2023-04-05 17:38:01.081081,East,Clothing,Shoes,187.06,8.0,0.15,1272.01
ORD-1261,2023-04-06 02:22:42.162162,South,Groceries,Rice,,8.0,0.2,96.7
ORD-1262,2023-04-06 11:07:23.243243,West,Sports,Dumbbells,130.49,4.0,0.1,469.76
ORD-1263,2023-04-06 19:52:04.324324,West,Electronics,Laptop,761.7,1.0,0.0,761.7
ORD-1264,2023-04-07 04:36:45.405405,North,Furniture,Chair,407.58,,0.1,2567.75
ORD-1265,2023-04-07 13:21:26.486486,South,Electronics,Headphones,996.82,1.0,0.15,847.3
ORD-1266,2023-04-07 22:06:07.567567,East,Furniture,Sofa,760.15,4.0,0.1,2736.54
ORD-1267,2023-04-08 06:50:48.648648,West,Electronics,Monitor,512.9,8.0,0.2,3282.56
ORD-1268,2023-04-08 15:35:29.729729,East,Sports,Yoga Mat,,2.0,0.1,113.06
ORD-1269,2023-04-09 00:20:10.810810,North,Furniture,Lamp,238.23,6.0,0.15,1214.97
ORD-1270,2023-04-09 09:04:51.891891,South,Groceries,Rice,44.91,6.0,0.15,229.04
ORD-1271,2023-04-09 17:49:32.972972,South,Electronics,Phone,1039.55,9.0,0.15,7952.56
ORD-1272,2023-04-10 02:34:14.054054,West,Electronics,Laptop,571.68,5.0,0.2,2286.72
ORD-1273,2023-04-10 11:18:55.135135,South,Furniture,Bookshelf,671.16,4.0,0.15,2281.94
ORD-1274,2023-04-10 20:03:36.216216,West,Groceries,Olive Oil,43.76,5.0,0.0,218.8
ORD-1275,2023-04-11 04:48:17.297297,North,Groceries,Pasta,43.09,5.0,0.15,183.13
ORD-1276,2023-04-11 13:32:58.378378,South,Sports,Yoga Mat,278.11,8.0,0.1,2002.39
ORD-1277,2023-04-11 22:17:39.459459,West,Groceries,Cereal,16.35,8.0,0.1,117.72
ORD-1278,2023-04-12 07:02:20.540540,East,Groceries,Pasta,38.98,2.0,0.1,70.16
ORD-1279,2023-04-12 15:47:01.621621,West,Groceries,Pasta,25.72,7.0,0.2,144.03
ORD-1280,2023-04-13 00:31:42.702702,South,Clothing,T-Shirt,171.56,8.0,0.1,1235.23
ORD-1281,2023-04-13 09:16:23.783783,North,Sports,Dumbbells,226.69,6.0,0.2,1088.11
ORD-1282,2023-04-13 18:01:04.864864,South,Electronics,Monitor,1209.38,5.0,0.2,4837.52
ORD-1283,2023-04-14 02:45:45.945945,South,Furniture,Desk,559.31,9.0,0.15,4278.72
ORD-1284,2023-04-14 11:30:27.027027,West,Electronics,Monitor,430.66,3.0,0.0,1291.98
ORD-1285,2023-04-14 20:15:08.108108,East,Sports,Yoga Mat,177.16,4.0,0.15,602.34
ORD-1286,2023-04-15 04:59:49.189189,South,Furniture,Sofa,789.27,9.0,0.15,6037.92
ORD-1287,2023-04-15 13:44:30.270270,East,Sports,Dumbbells,283.09,6.0,0.2,1358.83
ORD-1288,2023-04-15 22:29:11.351351,West,Groceries,Olive Oil,6.94,8.0,0.2,44.42
ORD-1289,2023-04-16 07:13:52.432432,East,Furniture,Lamp,,7.0,0.1,1356.83
ORD-1290,2023-04-16 15:58:33.513513,West,Groceries,Pasta,10.93,2.0,0.1,19.67
ORD-1291,2023-04-17 00:43:14.594594,North,Electronics,Headphones,1143.77,3.0,0.15,2916.61
ORD-1292,2023-04-17 09:27:55.675675,East,Electronics,Tablet,1263.12,1.0,0.05,1199.96
ORD-1293,2023-04-17 18:12:36.756756,East,Furniture,Desk,249.46,9.0,0.05,2132.88
ORD-1294,2023-04-18 02:57:17.837837,North,Furniture,Sofa,454.1,7.0,0.1,2860.83
ORD-1295,2023-04-18 11:41:58.918918,East,Sports,Dumbbells,256.99,1.0,0.05,244.14
ORD-1296,2023-04-18 20:26:40.000000,North,Sports,Yoga Mat,227.86,3.0,0.1,615.22
ORD-1297,2023-04-19 05:11:21.081081,South,Groceries,Olive Oil,29.4,4.0,0.2,94.08
ORD-1298,2023-04-19 13:56:02.162162,West,Furniture,Bookshelf,513.24,4.0,0.15,1745.02
ORD-1299,2023-04-19 22:40:43.243243,North,Electronics,Headphones,860.87,5.0,0.0,4304.35
ORD-1300,2023-04-20 07:25:24.324324,East,Sports,Running Shoes,110.34,3.0,0.15,281.37
ORD-1301,2023-04-20 16:10:05.405405,North,Sports,Dumbbells,182.56,3.0,0.1,492.91
ORD-1302,2023-04-21 00:54:46.486486,East,Electronics,Tablet,1095.55,1.0,0.1,986.0
ORD-1303,2023-04-21 09:39:27.567567,South,Sports,Running Shoes,265.8,7.0,0.15,1581.51
ORD-1304,2023-04-21 18:24:08.648648,North,Groceries,Olive Oil,33.63,1.0,0.1,30.27
ORD-1305,2023-04-22 03:08:49.729729,South,Furniture,Desk,632.79,2.0,,1202.3
ORD-1306,2023-04-22 11:53:30.810810,West,Electronics,Headphones,408.09,4.0,0.05,1550.74
ORD-1307,2023-04-22 20:38:11.891891,East,Furniture,Chair,423.09,,0.1,1523.12
ORD-1308,2023-04-23 05:22:52.972972,East,Sports,Tennis Racket,32.52,5.0,0.1,146.34
ORD-1309,2023-04-23 14:07:34.054054,South,Sports,Running Shoes,96.6,2.0,0.05,183.54
ORD-1310,2023-04-23 22:52:15.135135,West,Electronics,Laptop,,4.0,0.1,4119.84
ORD-1311,2023-04-24 07:36:56.216216,North,Groceries,Cereal,49.63,1.0,0.1,44.67
ORD-1312,2023-04-24 16:21:37.297297,North,Clothing,Jeans,37.85,2.0,0.15,64.34
ORD-1313,2023-04-25 01:06:18.378378,East,Electronics,Laptop,721.94,1.0,0.0,721.94
ORD-1314,2023-04-25 09:50:59.459459,South,Clothing,Shoes,164.01,4.0,0.05,623.24
ORD-1315,2023-04-25 18:35:40.540540,South,Clothing,Jeans,56.73,4.0,0.15,192.88
ORD-1316,2023-04-26 03:20:21.621621,North,Groceries,Coffee,29.98,7.0,0.0,209.86
ORD-1317,2023-04-26 12:05:02.702702,West,Clothing,Jeans,151.95,9.0,0.1,1230.8
ORD-1318,2023-04-26 20:49:43.783783,West,Clothing,Jacket,130.88,9.0,0.1,1060.13
ORD-1319,2023-04-27 05:34:24.864864,North,Groceries,Pasta,13.46,5.0,0.15,57.21
ORD-1320,2023-04-27 14:19:05.945945,North,Clothing,Jeans,83.97,1.0,0.1,75.57
ORD-1321,2023-04-27 23:03:47.027027,South,Clothing,Jacket,161.08,1.0,0.2,128.86
ORD-1322,2023-04-28 07:48:28.108108,West,Clothing,Shoes,119.76,6.0,0.15,610.78
ORD-1323,2023-04-28 16:33:09.189189,North,Electronics,Monitor,206.8,2.0,0.0,413.6
ORD-1324,2023-04-29 01:17:50.270270,North,Electronics,Phone,1189.29,8.0,0.15,8087.17
ORD-1325,2023-04-29 10:02:31.351351,East,Electronics,Tablet,245.9,9.0,0.05,2102.44
ORD-1326,2023-04-29 18:47:12.432432,North,Groceries,Olive Oil,38.56,4.0,0.15,131.1
ORD-1327,2023-04-30 03:31:53.513513,North,Sports,Tennis Racket,84.67,5.0,0.1,381.02
ORD-1328,2023-04-30 12:16:34.594594,West,Clothing,Shoes,192.45,8.0,0.1,1385.64
ORD-1329,2023-04-30 21:01:15.675675,South,Clothing,T-Shirt,86.23,3.0,0.2,206.95
ORD-1330,2023-05-01 05:45:56.756756,West,Groceries,Cereal,19.71,5.0,0.2,78.84
ORD-1331,2023-05-01 14:30:37.837837,South,Clothing,Shoes,46.8,3.0,0.2,112.32
ORD-1332,2023-05-01 23:15:18.918918,East,Electronics,Headphones,597.29,3.0,0.0,1791.87
ORD-1333,2023-05-02 08:00:00.000000,North,Sports,Yoga Mat,266.7,3.0,0.2,640.08
ORD-1334,2023-05-02 16:44:41.081081,East,Furniture,Bookshelf,797.43,7.0,0.0,5582.01
ORD-1335,2023-05-03 01:29:22.162162,South,Clothing,T-Shirt,86.3,7.0,0.2,483.28
ORD-1336,2023-05-03 10:14:03.243243,West,Electronics,Phone,783.19,7.0,0.0,5482.33
ORD-1337,2023-05-03 18:58:44.324324,West,Furniture,Chair,605.45,8.0,0.15,4117.06
ORD-1338,2023-05-04 03:43:25.405405,East,Sports,Tennis Racket,269.27,5.0,0.15,1144.4
ORD-1339,2023-05-04 12:28:06.486486,South,Furniture,Lamp,515.13,,0.1,2318.08
ORD-1340,2023-05-04 21:12:47.567567,East,Electronics,Laptop,708.98,4.0,0.0,2835.92
ORD-1341,2023-05-05 05:57:28.648648,East,Furniture,Chair,388.84,7.0,0.05,2585.79
ORD-1342,2023-05-05 14:42:09.729729,North,Groceries,Olive Oil,36.3,4.0,0.1,130.68
ORD-1343,2023-05-05 23:26:50.810810,East,Furniture,Lamp,102.25,2.0,0.15,173.82
ORD-1344,2023-05-06 08:11:31.891891,North,Clothing,Jeans,131.53,4.0,0.0,526.12
ORD-1345,2023-05-06 16:56:12.972972,North,Clothing,Dress,83.99,8.0,0.2,537.54
ORD-1346,2023-05-07 01:40:54.054054,West,Groceries,Pasta,40.74,9.0,0.05,348.33
ORD-1347,2023-05-07 10:25:35.135135,North,Electronics,Monitor,320.89,3.0,0.15,818.27
ORD-1348,2023-05-07 19:10:16.216216,North,Clothing,T-Shirt,125.88,7.0,0.1,793.04
ORD-1349,2023-05-08 03:54:57.297297,West,Sports,Yoga Mat,159.86,9.0,0.0,1438.74
ORD-1350,2023-05-08 12:39:38.378378,East,Clothing,Shoes,135.62,4.0,0.05,515.36
ORD-1351,2023-05-08 21:24:19.459459,South,Clothing,T-Shirt,31.67,3.0,0.0,95.01
ORD-1352,2023-05-09 06:09:00.540540,South,Electronics,Laptop,953.98,5.0,0.2,3815.92
ORD-1353,2023-05-09 14:53:41.621621,South,Furniture,Chair,493.04,1.0,0.1,443.74
ORD-1354,2023-05-09 23:38:22.702702,East,Clothing,Dress,120.92,3.0,0.0,362.76
ORD-1355,2023-05-10 08:23:03.783783,North,Groceries,Coffee,32.16,8.0,0.15,218.69
ORD-1356,2023-05-10 17:07:44.864864,South,Furniture,Sofa,573.53,8.0,0.1,4129.42
ORD-1357,2023-05-11 01:52:25.945945,East,Sports,Dumbbells,247.35,4.0,0.15,840.99
ORD-1358,2023-05-11 10:37:07.027027,North,Electronics,Monitor,550.77,2.0,0.0,1101.54
ORD-1359,2023-05-11 19:21:48.108108,West,Sports,Running Shoes,,8.0,0.1,1819.87
ORD-1360,2023-05-12 04:06:29.189189,South,Furniture,Lamp,448.78,8.0,0.15,3051.7
ORD-1361,2023-05-12 12:51:10.270270,North,Furniture,Sofa,153.94,4.0,0.2,492.61
ORD-1362,2023-05-12 21:35:51.351351,South,Furniture,Bookshelf,140.99,3.0,0.2,338.38
ORD-1363,2023-05-13 06:20:32.432432,South,Sports,Cycling Helmet,120.24,2.0,0.0,240.48
ORD-1364,2023-05-13 15:05:13.513513,South,Furniture,Lamp,649.43,9.0,0.1,5260.38
ORD-1365,2023-05-13 23:49:54.594594,North,Sports,Dumbbells,221.07,,0.05,210.02
ORD-1366,2023-05-14 08:34:35.675675,East,Furniture,Chair,652.03,7.0,0.1,4107.79
ORD-1367,2023-05-14 17:19:16.756756,North,Groceries,Coffee,28.28,5.0,0.2,113.12
ORD-1368,2023-05-15 02:03:57.837837,South,Furniture,Bookshelf,408.14,8.0,0.15,2775.35
ORD-1369,2023-05-15 10:48:38.918918,North,Sports,Cycling Helmet,69.81,4.0,0.05,265.28
ORD-1370,2023-05-15 19:33:20.000000,West,Clothing,Dress,79.07,7.0,0.0,553.49
ORD-1371,2023-05-16 04:18:01.081081,East,Furniture,Lamp,403.81,5.0,0.05,1918.1
ORD-1372,2023-05-16 13:02:42.162162,North,Clothing,Shoes,35.95,5.0,0.0,179.75
ORD-1373,2023-05-16 21:47:23.243243,West,Groceries,Olive Oil,14.93,9.0,0.05,127.65
ORD-1374,2023-05-17 06:32:04.324324,East,Electronics,Monitor,977.69,9.0,0.0,8799.21
ORD-1375,2023-05-17 15:16:45.405405,West,Groceries,Pasta,38.1,9.0,0.0,342.9
ORD-1376,2023-05-18 00:01:26.486486,East,Furniture,Sofa,798.84,6.0,0.05,4553.39
ORD-1377,2023-05-18 08:46:07.567567,North,Clothing,Jeans,187.96,6.0,,1071.37
ORD-1378,2023-05-18 17:30:48.648648,West,Clothing,T-Shirt,135.66,5.0,0.0,678.3
ORD-1379,2023-05-19 02:15:29.729729,South,Sports,Dumbbells,143.74,9.0,0.2,1034.93
ORD-1380,2023-05-19 11:00:10.810810,West,Clothing,T-Shirt,134.51,8.0,0.05,1022.28
ORD-1381,2023-05-19 19:44:51.891891,East,Sports,Yoga Mat,242.13,7.0,0.1,1525.42
ORD-1382,2023-05-20 04:29:32.972972,North,Electronics,Phone,353.84,7.0,0.15,2105.35
ORD-1383,2023-05-20 13:14:14.054054,East,Furniture,Sofa,386.93,6.0,0.0,2321.58
ORD-1384,2023-05-20 21:58:55.135135,West,Sports,Running Shoes,256.75,5.0,0.0,1283.75
ORD-1385,2023-05-21 06:43:36.216216,West,Electronics,Monitor,698.98,4.0,0.15,2376.53
ORD-1386,2023-05-21 15:28:17.297297,South,Clothing,T-Shirt,122.94,3.0,0.2,295.06
ORD-1387,2023-05-22 00:12:58.378378,North,Clothing,T-Shirt,125.8,3.0,0.15,320.79
ORD-1388,2023-05-22 08:57:39.459459,North,Electronics,Tablet,439.82,6.0,0.05,2506.97
ORD-1389,2023-05-22 17:42:20.540540,West,Clothing,Dress,85.2,4.0,0.15,289.68
ORD-1390,2023-05-23 02:27:01.621621,North,Electronics,Phone,634.86,6.0,0.0,3809.16
ORD-1391,2023-05-23 11:11:42.702702,South,Sports,Yoga Mat,37.07,3.0,0.15,94.53
ORD-1392,2023-05-23 19:56:23.783783,East,Sports,Running Shoes,36.53,4.0,0.1,131.51
ORD-1393,2023-05-24 04:41:04.864864,North,Electronics,Tablet,1281.21,9.0,0.05,10954.35
ORD-1394,2023-05-24 13:25:45.945945,West,Sports,Dumbbells,103.73,5.0,0.15,440.85
ORD-1395,2023-05-24 22:10:27.027027,East,Sports,Cycling Helmet,169.88,7.0,0.0,1189.16
ORD-1396,2023-05-25 06:55:08.108108,East,Sports,Dumbbells,110.66,2.0,0.05,210.25
ORD-1397,2023-05-25 15:39:49.189189,South,Groceries,Pasta,47.33,5.0,0.0,236.65
ORD-1398,2023-05-26 00:24:30.270270,West,Furniture,Chair,281.51,,0.2,2026.87
ORD-1399,2023-05-26 09:09:11.351351,North,Clothing,Jacket,97.34,3.0,0.1,262.82
ORD-1400,2023-05-26 17:53:52.432432,West,Groceries,Olive Oil,44.27,9.0,0.2,318.74
ORD-1401,2023-05-27 02:38:33.513513,East,Sports,Running Shoes,257.32,6.0,0.1,1389.53
ORD-1402,2023-05-27 11:23:14.594594,West,Electronics,Monitor,441.93,,0.15,1502.56
ORD-1403,2023-05-27 20:07:55.675675,North,Sports,Yoga Mat,246.71,7.0,0.05,1640.62
ORD-1404,2023-05-28 04:52:36.756756,North,Furniture,Chair,420.73,8.0,0.15,2860.96
ORD-1405,2023-05-28 13:37:17.837837,South,Sports,Tennis Racket,160.4,6.0,0.1,866.16
ORD-1406,2023-05-28 22:21:58.918918,North,Electronics,Monitor,373.52,5.0,0.1,1680.84
ORD-1407,2023-05-29 07:06:40.000000,North,Furniture,Desk,156.42,6.0,0.1,844.67
ORD-1408,2023-05-29 15:51:21.081081,West,Sports,Cycling Helmet,226.54,5.0,0.0,1132.7
ORD-1409,2023-05-30 00:36:02.162162,West,Furniture,Chair,447.52,8.0,0.05,3401.15
ORD-1410,2023-05-30 09:20:43.243243,East,Clothing,Jacket,98.63,1.0,0.15,83.84
ORD-1411,2023-05-30 18:05:24.324324,South,Clothing,Jacket,151.31,7.0,0.15,900.29
ORD-1412,2023-05-31 02:50:05.405405,West,Sports,Tennis Racket,236.69,2.0,0.2,378.7
ORD-1413,2023-05-31 11:34:46.486486,North,Furniture,Lamp,211.24,9.0,0.1,1711.04
ORD-1414,2023-05-31 20:19:27.567567,East,Electronics,Laptop,993.29,1.0,0.1,893.96
ORD-1415,2023-06-01 05:04:08.648648,West,Sports,Cycling Helmet,66.55,6.0,0.1,359.37
ORD-1416,2023-06-01 13:48:49.729729,South,Clothing,T-Shirt,155.25,,0.15,1187.66
ORD-1417,2023-06-01 22:33:30.810810,South,Clothing,Jeans,138.25,1.0,0.2,110.6
ORD-1418,2023-06-02 07:18:11.891891,East,Sports,Tennis Racket,288.29,4.0,0.0,1153.16
ORD-1419,2023-06-02 16:02:52.972972,East,Furniture,Desk,148.27,4.0,,563.43
ORD-1420,2023-06-03 00:47:34.054054,East,Clothing,T-Shirt,30.27,9.0,0.0,272.43
ORD-1421,2023-06-03 09:32:15.135135,East,Furniture,Chair,297.53,5.0,0.15,1264.5
ORD-1422,2023-06-03 18:16:56.216216,East,Clothing,Shoes,67.11,5.0,0.1,302.0
ORD-1423,2023-06-04 03:01:37.297297,North,Clothing,Jacket,64.46,6.0,,367.42
ORD-1424,2023-06-04 11:46:18.378378,North,Groceries,Olive Oil,45.78,1.0,0.15,38.91
ORD-1425,2023-06-04 20:30:59.459459,West,Clothing,Jeans,,1.0,0.15,55.18
ORD-1426,2023-06-05 05:15:40.540540,South,Electronics,Headphones,553.53,9.0,0.15,4234.5
ORD-1427,2023-06-05 14:00:21.621621,North,Sports,Cycling Helmet,235.04,3.0,0.05,669.86
ORD-1428,2023-06-05 22:45:02.702702,North,Sports,Running Shoes,151.43,4.0,0.05,575.43
ORD-1429,2023-06-06 07:29:43.783783,North,Furniture,Desk,643.7,1.0,0.2,514.96
ORD-1430,2023-06-06 16:14:24.864864,West,Clothing,Jeans,31.77,9.0,0.2,228.74
ORD-1431,2023-06-07 00:59:05.945945,East,Electronics,Monitor,833.84,8.0,0.0,6670.72
ORD-1432,2023-06-07 09:43:47.027027,West,Furniture,Bookshelf,123.53,2.0,0.05,234.71
ORD-1433,2023-06-07 18:28:28.108108,South,Groceries,Cereal,7.82,8.0,0.05,59.43
ORD-1434,2023-06-08 03:13:09.189189,South,Furniture,Bookshelf,734.51,7.0,0.05,4884.49
ORD-1435,2023-06-08 11:57:50.270270,South,Furniture,Lamp,197.47,6.0,0.2,947.86
ORD-1436,2023-06-08 20:42:31.351351,South,Clothing,Shoes,115.84,1.0,0.15,98.46
ORD-1437,2023-06-09 05:27:12.432432,North,Groceries,Rice,23.5,7.0,0.1,148.05
ORD-1438,2023-06-09 14:11:53.513513,North,Furniture,Desk,343.14,7.0,0.2,1921.58
ORD-1439,2023-06-09 22:56:34.594594,West,Electronics,Monitor,1369.78,9.0,0.05,11711.62
ORD-1440,2023-06-10 07:41:15.675675,East,Electronics,Monitor,228.37,1.0,0.2,182.7
ORD-1441,2023-06-10 16:25:56.756756,South,Sports,Cycling Helmet,209.22,2.0,0.0,418.44
ORD-1442,2023-06-11 01:10:37.837837,West,Groceries,Pasta,48.35,9.0,0.05,413.39
ORD-1443,2023-06-11 09:55:18.918918,North,Groceries,Olive Oil,30.21,9.0,0.0,271.89
ORD-1444,2023-06-11 18:40:00.000000,North,Sports,Dumbbells,282.94,6.0,0.05,1612.76
ORD-1445,2023-06-12 03:24:41.081081,East,Furniture,Sofa,136.58,6.0,0.2,655.58
ORD-1446,2023-06-12 12:09:22.162162,East,Groceries,Cereal,23.85,4.0,0.15,81.09
ORD-1447,2023-06-12 20:54:03.243243,East,Electronics,Monitor,538.21,4.0,0.1,1937.56
ORD-1448,2023-06-13 05:38:44.324324,West,Electronics,Laptop,1150.07,5.0,0.0,5750.35
ORD-1449,2023-06-13 14:23:25.405405,North,Clothing,Jacket,196.63,3.0,0.2,471.91
ORD-1450,2023-06-13 23:08:06.486486,North,Groceries,Coffee,16.54,1.0,0.15,14.06
ORD-1451,2023-06-14 07:52:47.567567,East,Furniture,Chair,557.92,1.0,0.2,446.34
ORD-1452,2023-06-14 16:37:28.648648,South,Sports,Cycling Helmet,,7.0,0.0,584.43
ORD-1453,2023-06-15 01:22:09.729729,East,Sports,Cycling Helmet,182.64,1.0,0.1,164.38
ORD-1454,2023-06-15 10:06:50.810810,West,Furniture,Chair,424.75,1.0,0.2,339.8
ORD-1455,2023-06-15 18:51:31.891891,East,Clothing,Shoes,194.96,3.0,0.05,555.64
ORD-1456,2023-06-16 03:36:12.972972,East,Sports,Cycling Helmet,194.3,4.0,0.15,660.62
ORD-1457,2023-06-16 12:20:54.054054,West,Groceries,Cereal,20.73,4.0,0.2,66.34
ORD-1458,2023-06-16 21:05:35.135135,East,Clothing,T-Shirt,40.54,2.0,0.15,68.92
ORD-1459,2023-06-17 05:50:16.216216,North,Groceries,Cereal,11.81,1.0,0.05,11.22
ORD-1460,2023-06-17 14:34:57.297297,South,Electronics,Phone,492.91,3.0,0.1,1330.86
ORD-1461,2023-06-17 23:19:38.378378,East,Clothing,Dress,65.17,4.0,0.1,234.61
ORD-1462,2023-06-18 08:04:19.459459,West,Sports,Cycling Helmet,259.67,3.0,0.05,740.06
ORD-1463,2023-06-18 16:49:00.540540,South,Clothing,Dress,121.02,8.0,0.15,822.94
ORD-1464,2023-06-19 01:33:41.621621,West,Clothing,Shoes,114.21,1.0,0.2,91.37
ORD-1465,2023-06-19 10:18:22.702702,South,Clothing,Jacket,40.66,2.0,0.05,77.25
ORD-1466,2023-06-19 19:03:03.783783,South,Clothing,Shoes,174.83,7.0,0.0,1223.81
ORD-1467,2023-06-20 03:47:44.864864,East,Groceries,Pasta,37.53,4.0,0.15,127.6
ORD-1468,2023-06-20 12:32:25.945945,North,Electronics,Laptop,287.97,8.0,0.1,2073.38
ORD-1469,2023-06-20 21:17:07.027027,East,Furniture,Sofa,595.48,3.0,0.05,1697.12
ORD-1470,2023-06-21 06:01:48.108108,West,Clothing,Jeans,117.84,6.0,0.1,636.34
ORD-1471,2023-06-21 14:46:29.189189,West,Sports,Dumbbells,52.07,9.0,0.15,398.34
ORD-1472,2023-06-21 23:31:10.270270,South,Clothing,Jacket,102.49,1.0,0.1,92.24
ORD-1473,2023-06-22 08:15:51.351351,South,Sports,Running Shoes,160.87,1.0,0.05,152.83
ORD-1474,2023-06-22 17:00:32.432432,North,Groceries,Pasta,,8.0,0.15,84.73
ORD-1475,2023-06-23 01:45:13.513513,East,Sports,Tennis Racket,285.34,3.0,0.0,856.02
ORD-1476,2023-06-23 10:29:54.594594,West,Furniture,Desk,694.98,5.0,0.05,3301.16
ORD-1477,2023-06-23 19:14:35.675675,South,Electronics,Monitor,1069.73,1.0,0.2,855.78
ORD-1478,2023-06-24 03:59:16.756756,North,Sports,Running Shoes,154.82,5.0,0.05,735.39
ORD-1479,2023-06-24 12:43:57.837837,West,Sports,Tennis Racket,141.18,6.0,0.15,720.02
ORD-1480,2023-06-24 21:28:38.918918,South,Electronics,Phone,1046.27,8.0,0.05,7951.65
ORD-1481,2023-06-25 06:13:20.000000,West,Furniture,Lamp,481.8,3.0,0.0,1445.4
ORD-1482,2023-06-25 14:58:01.081081,North,Clothing,Jacket,31.21,3.0,0.0,93.63
ORD-1483,2023-06-25 23:42:42.162162,North,Sports,Yoga Mat,168.38,9.0,0.2,1212.34
ORD-1484,2023-06-26 08:27:23.243243,West,Electronics,Laptop,1248.32,4.0,0.1,4493.95
ORD-1485,2023-06-26 17:12:04.324324,East,Groceries,Rice,,4.0,0.15,87.28
ORD-1486,2023-06-27 01:56:45.405405,West,Electronics,Phone,267.54,7.0,0.15,1591.86
ORD-1487,2023-06-27 10:41:26.486486,South,Groceries,Coffee,40.38,2.0,0.1,72.68
ORD-1488,2023-06-27 19:26:07.567567,East,Furniture,Lamp,240.95,8.0,0.0,1927.6
ORD-1489,2023-06-28 04:10:48.648648,South,Clothing,Jacket,66.55,6.0,0.0,399.3
ORD-1490,2023-06-28 12:55:29.729729,West,Electronics,Tablet,414.12,3.0,0.05,1180.24
ORD-1491,2023-06-28 21:40:10.810810,East,Sports,Dumbbells,119.16,9.0,0.2,857.95
ORD-1492,2023-06-29 06:24:51.891891,South,Furniture,Chair,629.73,5.0,0.2,2518.92
ORD-1493,2023-06-29 15:09:32.972972,West,Electronics,Phone,875.2,8.0,0.2,5601.28
ORD-1494,2023-06-29 23:54:14.054054,West,Sports,Tennis Racket,85.32,7.0,0.05,567.38
ORD-1495,2023-06-30 08:38:55.135135,East,Electronics,Headphones,1341.18,8.0,0.2,8583.55
ORD-1496,2023-06-30 17:23:36.216216,West,Groceries,Cereal,44.58,7.0,0.1,280.85
ORD-1497,2023-07-01 02:08:17.297297,North,Electronics,Monitor,1331.75,3.0,0.05,3795.49
ORD-1498,2023-07-01 10:52:58.378378,South,Electronics,Headphones,510.44,2.0,0.1,918.79
ORD-1499,2023-07-01 19:37:39.459459,South,Electronics,Headphones,786.61,7.0,0.05,5230.96
ORD-1500,2023-07-02 04:22:20.540540,West,Furniture,Bookshelf,789.49,3.0,0.2,1894.78
ORD-1501,2023-07-02 13:07:01.621621,West,Electronics,Phone,1203.62,3.0,0.1,3249.77
ORD-1502,2023-07-02 21:51:42.702702,North,Sports,Tennis Racket,37.34,,0.1,67.21
ORD-1503,2023-07-03 06:36:23.783783,East,Groceries,Olive Oil,7.93,4.0,0.1,28.55
ORD-1504,2023-07-03 15:21:04.864864,West,Groceries,Rice,25.88,8.0,0.05,196.69
ORD-1505,2023-07-04 00:05:45.945945,West,Electronics,Headphones,1381.99,1.0,0.15,1174.69
ORD-1506,2023-07-04 08:50:27.027027,West,Furniture,Chair,477.09,1.0,0.2,381.67
ORD-1507,2023-07-04 17:35:08.108108,West,Furniture,Desk,448.47,5.0,0.1,2018.12
ORD-1508,2023-07-05 02:19:49.189189,South,Sports,Yoga Mat,58.48,5.0,0.15,248.54
ORD-1509,2023-07-05 11:04:30.270270,West,Electronics,Phone,1053.81,1.0,0.2,843.05
ORD-1510,2023-07-05 19:49:11.351351,South,Groceries,Olive Oil,41.99,6.0,0.2,201.55
ORD-1511,2023-07-06 04:33:52.432432,West,Furniture,Desk,366.29,1.0,0.1,329.66
ORD-1512,2023-07-06 13:18:33.513513,East,Electronics,Phone,1208.3,5.0,0.1,5437.35
ORD-1513,2023-07-06 22:03:14.594594,North,Furniture,Lamp,775.13,9.0,0.05,6627.36
ORD-1514,2023-07-07 06:47:55.675675,East,Furniture,Bookshelf,242.64,5.0,0.15,1031.22
ORD-1515,2023-07-07 15:32:36.756756,West,Groceries,Coffee,28.55,6.0,0.15,145.61
ORD-1516,2023-07-08 00:17:17.837837,West,Clothing,Jacket,71.68,8.0,,516.1
ORD-1517,2023-07-08 09:01:58.918918,West,Sports,Cycling Helmet,244.07,1.0,0.2,195.26
ORD-1518,2023-07-08 17:46:40.000000,East,Sports,Tennis Racket,185.95,2.0,0.1,334.71
ORD-1519,2023-07-09 02:31:21.081081,West,Groceries,Cereal,33.56,9.0,0.2,241.63
ORD-1520,2023-07-09 11:16:02.162162,East,Furniture,Bookshelf,658.54,3.0,0.2,1580.5
ORD-1521,2023-07-09 20:00:43.243243,South,Electronics,Monitor,714.76,6.0,0.1,3859.7
ORD-1522,2023-07-10 04:45:24.324324,North,Furniture,Sofa,740.56,5.0,0.0,3702.8
ORD-1523,2023-07-10 13:30:05.405405,North,Groceries,Rice,28.99,2.0,0.15,49.28
ORD-1524,2023-07-10 22:14:46.486486,East,Sports,Cycling Helmet,72.65,7.0,0.2,406.84
ORD-1525,2023-07-11 06:59:27.567567,South,Furniture,Sofa,587.13,4.0,0.2,1878.82
ORD-1526,2023-07-11 15:44:08.648648,East,Sports,Dumbbells,244.18,1.0,0.0,244.18
ORD-1527,2023-07-12 00:28:49.729729,South,Electronics,Phone,611.79,4.0,0.05,2324.8
ORD-1528,2023-07-12 09:13:30.810810,West,Sports,Dumbbells,261.44,6.0,0.0,1568.64
ORD-1529,2023-07-12 17:58:11.891891,South,Sports,Dumbbells,274.66,7.0,0.0,1922.62
ORD-1530,2023-07-13 02:42:52.972972,South,Clothing,Shoes,69.84,7.0,0.2,391.1
ORD-1531,2023-07-13 11:27:34.054054,South,Clothing,Dress,197.03,7.0,0.15,1172.33
ORD-1532,2023-07-13 20:12:15.135135,North,Clothing,T-Shirt,45.33,3.0,0.0,135.99
ORD-1533,2023-07-14 04:56:56.216216,South,Sports,Cycling Helmet,84.54,6.0,0.05,481.88
ORD-1534,2023-07-14 13:41:37.297297,West,Groceries,Cereal,13.29,8.0,0.1,95.69
ORD-1535,2023-07-14 22:26:18.378378,West,Sports,Yoga Mat,271.38,4.0,0.0,1085.52
ORD-1536,2023-07-15 07:10:59.459459,West,Groceries,Cereal,34.44,8.0,0.0,275.52
ORD-1537,2023-07-15 15:55:40.540540,South,Groceries,Cereal,11.84,2.0,0.05,22.5
ORD-1538,2023-07-16 00:40:21.621621,East,Clothing,Jacket,99.26,9.0,0.15,759.34
ORD-1539,2023-07-16 09:25:02.702702,East,Furniture,Bookshelf,530.71,9.0,0.0,4776.39
ORD-1540,2023-07-16 18:09:43.783783,West,Electronics,Phone,308.5,8.0,0.0,2468.0
ORD-1541,2023-07-17 02:54:24.864864,North,Clothing,Dress,178.83,1.0,0.15,152.01
ORD-1542,2023-07-17 11:39:05.945945,East,Clothing,Jacket,164.65,2.0,0.05,312.83
ORD-1543,2023-07-17 20:23:47.027027,South,Furniture,Sofa,453.64,6.0,0.0,2721.84
ORD-1544,2023-07-18 05:08:28.108108,East,Electronics,Tablet,1457.26,5.0,0.15,6193.36
ORD-1545,2023-07-18 13:53:09.189189,West,Sports,Yoga Mat,142.8,9.0,0.0,1285.2
ORD-1546,2023-07-18 22:37:50.270270,North,Sports,Tennis Racket,295.71,5.0,0.1,1330.7
ORD-1547,2023-07-19 07:22:31.351351,East,Clothing,Dress,140.23,2.0,0.2,224.37
ORD-1548,2023-07-19 16:07:12.432432,East,Electronics,Monitor,1025.07,4.0,0.1,3690.25
ORD-1549,2023-07-20 00:51:53.513513,West,Clothing,Shoes,,9.0,0.0,448.83
ORD-1550,2023-07-20 09:36:34.594594,North,Groceries,Cereal,44.69,1.0,0.05,42.46
ORD-1551,2023-07-20 18:21:15.675675,North,Clothing,Jacket,96.95,1.0,0.2,77.56
ORD-1552,2023-07-21 03:05:56.756756,West,Clothing,Dress,49.2,7.0,0.1,309.96
ORD-1553,2023-07-21 11:50:37.837837,South,Sports,Cycling Helmet,33.4,3.0,0.15,85.17
ORD-1554,2023-07-21 20:35:18.918918,East,Sports,Yoga Mat,181.13,2.0,0.05,344.15
ORD-1555,2023-07-22 05:20:00.000000,South,Sports,Running Shoes,172.4,9.0,0.1,1396.44
ORD-1556,2023-07-22 14:04:41.081081,East,Groceries,Olive Oil,37.37,3.0,0.15,95.29
ORD-1557,2023-07-22 22:49:22.162162,East,Sports,Cycling Helmet,270.37,2.0,0.0,540.74
ORD-1558,2023-07-23 07:34:03.243243,South,Electronics,Laptop,303.23,8.0,0.15,2061.96
ORD-1559,2023-07-23 16:18:44.324324,West,Furniture,Desk,612.05,6.0,0.1,3305.07
ORD-1560,2023-07-24 01:03:25.405405,West,Electronics,Headphones,443.64,6.0,0.1,2395.66
ORD-1561,2023-07-24 09:48:06.486486,East,Electronics,Phone,1315.63,7.0,0.0,9209.41
ORD-1562,2023-07-24 18:32:47.567567,West,Sports,Running Shoes,251.15,7.0,0.15,1494.34
ORD-1563,2023-07-25 03:17:28.648648,East,Furniture,Sofa,478.56,6.0,0.15,2440.66
ORD-1564,2023-07-25 12:02:09.729729,West,Furniture,Chair,597.17,4.0,0.0,2388.68
ORD-1565,2023-07-25 20:46:50.810810,East,Furniture,Chair,320.05,9.0,0.15,2448.38
ORD-1566,2023-07-26 05:31:31.891891,West,Groceries,Coffee,26.2,6.0,0.0,157.2
ORD-1567,2023-07-26 14:16:12.972972,North,Sports,Dumbbells,251.84,4.0,0.05,956.99
ORD-1568,2023-07-26 23:00:54.054054,South,Furniture,Bookshelf,421.49,3.0,0.1,1138.02
ORD-1569,2023-07-27 07:45:35.135135,North,Groceries,Olive Oil,21.1,4.0,0.05,80.18
ORD-1570,2023-07-27 16:30:16.216216,South,Clothing,Dress,108.96,3.0,0.2,261.5
ORD-1571,2023-07-28 01:14:57.297297,South,Clothing,T-Shirt,169.08,2.0,0.2,270.53
ORD-1572,2023-07-28 09:59:38.378378,East,Groceries,Rice,20.08,5.0,0.2,80.32
ORD-1573,2023-07-28 18:44:19.459459,South,Groceries,Cereal,12.82,2.0,0.0,25.64
ORD-1574,2023-07-29 03:29:00.540540,North,Sports,Running Shoes,222.24,6.0,0.15,1133.42
ORD-1575,2023-07-29 12:13:41.621621,North,Sports,Cycling Helmet,253.01,3.0,0.05,721.08
ORD-1576,2023-07-29 20:58:22.702702,West,Clothing,Jeans,38.11,6.0,0.05,217.23
ORD-1577,2023-07-30 05:43:03.783783,North,Furniture,Bookshelf,267.91,9.0,0.05,2290.63
ORD-1578,2023-07-30 14:27:44.864864,West,Clothing,Jacket,45.55,1.0,0.05,43.27
ORD-1579,2023-07-30 23:12:25.945945,South,Furniture,Lamp,343.56,6.0,0.2,1649.09
ORD-1580,2023-07-31 07:57:07.027027,North,Furniture,Bookshelf,415.25,9.0,0.05,3550.39
ORD-1581,2023-07-31 16:41:48.108108,South,Sports,Running Shoes,232.18,4.0,0.15,789.41
ORD-1582,2023-08-01 01:26:29.189189,North,Electronics,Headphones,1046.49,2.0,0.2,1674.38
ORD-1583,2023-08-01 10:11:10.270270,North,Electronics,Phone,1007.21,4.0,0.05,3827.4
ORD-1584,2023-08-01 18:55:51.351351,West,Groceries,Olive Oil,20.86,1.0,0.0,20.86
ORD-1585,2023-08-02 03:40:32.432432,South,Sports,Tennis Racket,257.19,3.0,0.1,694.41
ORD-1586,2023-08-02 12:25:13.513513,North,Furniture,Chair,429.9,9.0,0.1,3482.19
ORD-1587,2023-08-02 21:09:54.594594,East,Electronics,Laptop,1472.84,5.0,0.1,6627.78
ORD-1588,2023-08-03 05:54:35.675675,South,Furniture,Bookshelf,543.9,6.0,0.2,2610.72
ORD-1589,2023-08-03 14:39:16.756756,South,Electronics,Headphones,364.14,3.0,0.05,1037.8
ORD-1590,2023-08-03 23:23:57.837837,South,Electronics,Headphones,1079.03,5.0,0.2,4316.12
ORD-1591,2023-08-04 08:08:38.918918,West,Electronics,Laptop,622.64,8.0,0.15,4233.95
ORD-1592,2023-08-04 16:53:20.000000,East,Sports,Yoga Mat,215.31,,0.0,1291.86
ORD-1593,2023-08-05 01:38:01.081081,South,Clothing,Dress,32.54,4.0,0.0,130.16
ORD-1594,2023-08-05 10:22:42.162162,North,Furniture,Lamp,222.42,2.0,0.1,400.36
ORD-1595,2023-08-05 19:07:23.243243,North,Sports,Running Shoes,261.05,9.0,0.1,2114.5
ORD-1596,2023-08-06 03:52:04.324324,West,Sports,Dumbbells,91.34,1.0,0.1,82.21
ORD-1597,2023-08-06 12:36:45.405405,North,Sports,Cycling Helmet,256.0,1.0,0.05,243.2
ORD-1598,2023-08-06 21:21:26.486486,South,Sports,Running Shoes,105.4,4.0,,358.36
ORD-1599,2023-08-07 06:06:07.567567,North,Sports,Yoga Mat,203.58,7.0,0.15,1211.3
ORD-1600,2023-08-07 14:50:48.648648,South,Groceries,Cereal,36.24,1.0,0.15,30.8
ORD-1601,2023-08-07 23:35:29.729729,North,Furniture,Desk,458.86,9.0,0.15,3510.28
ORD-1602,2023-08-08 08:20:10.810810,East,Sports,Dumbbells,112.43,4.0,0.1,404.75
ORD-1603,2023-08-08 17:04:51.891891,West,Furniture,Sofa,248.85,3.0,0.0,746.55
ORD-1604,2023-08-09 01:49:32.972972,West,Groceries,Cereal,6.49,1.0,0.1,5.84
ORD-1605,2023-08-09 10:34:14.054054,East,Groceries,Rice,18.68,4.0,0.15,63.51
ORD-1606,2023-08-09 19:18:55.135135,East,Furniture,Chair,557.21,9.0,0.1,4513.4
ORD-1607,2023-08-10 04:03:36.216216,West,Electronics,Headphones,1419.8,6.0,0.15,7240.98
ORD-1608,2023-08-10 12:48:17.297297,East,Clothing,T-Shirt,176.82,6.0,0.2,848.74
ORD-1609,2023-08-10 21:32:58.378378,South,Electronics,Tablet,1195.88,1.0,0.0,1195.88
ORD-1610,2023-08-11 06:17:39.459459,North,Electronics,Tablet,1224.98,2.0,0.2,1959.97
ORD-1611,2023-08-11 15:02:20.540540,West,Electronics,Laptop,1064.48,6.0,0.05,6067.54
ORD-1612,2023-08-11 23:47:01.621621,East,Sports,Yoga Mat,100.28,2.0,0.1,180.5
ORD-1613,2023-08-12 08:31:42.702702,South,Groceries,Coffee,45.82,3.0,0.05,130.59
ORD-1614,2023-08-12 17:16:23.783783,West,Electronics,Laptop,1071.95,4.0,0.1,3859.02
ORD-1615,2023-08-13 02:01:04.864864,East,Groceries,Coffee,30.22,5.0,0.2,120.88
ORD-1616,2023-08-13 10:45:45.945945,West,Furniture,Bookshelf,177.69,9.0,0.15,1359.33
ORD-1617,2023-08-13 19:30:27.027027,East,Clothing,T-Shirt,100.47,,0.15,341.6
ORD-1618,2023-08-14 04:15:08.108108,West,Furniture,Desk,422.25,9.0,0.1,3420.22
ORD-1619,2023-08-14 12:59:49.189189,South,Furniture,Desk,705.19,3.0,0.15,1798.23
ORD-1620,2023-08-14 21:44:30.270270,South,Sports,Tennis Racket,177.6,8.0,0.2,1136.64
ORD-1621,2023-08-15 06:29:11.351351,North,Clothing,T-Shirt,88.47,1.0,0.15,75.2
ORD-1622,2023-08-15 15:13:52.432432,West,Furniture,Desk,783.76,9.0,0.2,5643.07
ORD-1623,2023-08-15 23:58:33.513513,North,Furniture,Chair,177.5,9.0,0.05,1517.62
ORD-1624,2023-08-16 08:43:14.594594,West,Clothing,T-Shirt,96.06,2.0,0.2,153.7
ORD-1625,2023-08-16 17:27:55.675675,East,Clothing,T-Shirt,27.56,4.0,0.0,110.24
ORD-1626,2023-08-17 02:12:36.756756,East,Furniture,Lamp,617.93,8.0,0.0,4943.44
ORD-1627,2023-08-17 10:57:17.837837,North,Clothing,T-Shirt,185.25,7.0,0.0,1296.75
ORD-1628,2023-08-17 19:41:58.918918,West,Furniture,Lamp,296.03,1.0,0.1,266.43
ORD-1629,2023-08-18 04:26:40.000000,North,Furniture,Bookshelf,700.84,5.0,0.1,3153.78
ORD-1630,2023-08-18 13:11:21.081081,South,Sports,Dumbbells,108.9,7.0,0.1,686.07
ORD-1631,2023-08-18 21:56:02.162162,North,Electronics,Phone,1384.0,4.0,0.2,4428.8
ORD-1632,2023-08-19 06:40:43.243243,North,Furniture,Desk,627.77,1.0,0.1,564.99
ORD-1633,2023-08-19 15:25:24.324324,East,Groceries,Pasta,41.22,9.0,0.05,352.43
ORD-1634,2023-08-20 00:10:05.405405,North,Electronics,Phone,223.41,5.0,0.0,1117.05
ORD-1635,2023-08-20 08:54:46.486486,West,Electronics,Phone,1451.65,2.0,0.2,2322.64
ORD-1636,2023-08-20 17:39:27.567567,East,Electronics,Phone,1144.67,8.0,0.0,9157.36
ORD-1637,2023-08-21 02:24:08.648648,North,Sports,Tennis Racket,112.28,2.0,0.1,202.1
ORD-1638,2023-08-21 11:08:49.729729,South,Furniture,Chair,680.58,3.0,0.2,1633.39
ORD-1639,2023-08-21 19:53:30.810810,North,Sports,Cycling Helmet,106.01,1.0,0.15,90.11
ORD-1640,2023-08-22 04:38:11.891891,North,Furniture,Lamp,710.93,2.0,0.05,1350.77
ORD-1641,2023-08-22 13:22:52.972972,North,Sports,Cycling Helmet,60.4,7.0,0.1,380.52
ORD-1642,2023-08-22 22:07:34.054054,East,Sports,Cycling Helmet,220.0,2.0,0.1,396.0
ORD-1643,2023-08-23 06:52:15.135135,West,Groceries,Rice,29.33,6.0,0.05,167.18
ORD-1644,2023-08-23 15:36:56.216216,South,Sports,Yoga Mat,56.06,3.0,0.05,159.77
ORD-1645,2023-08-24 00:21:37.297297,North,Clothing,T-Shirt,63.54,4.0,0.15,216.04
ORD-1646,2023-08-24 09:06:18.378378,West,Groceries,Pasta,5.56,8.0,0.1,40.03
ORD-1647,2023-08-24 17:50:59.459459,West,Sports,Tennis Racket,156.57,3.0,0.1,422.74
ORD-1648,2023-08-25 02:35:40.540540,East,Electronics,Phone,591.64,6.0,0.0,3549.84
ORD-1649,2023-08-25 11:20:21.621621,South,Clothing,Dress,127.7,1.0,0.2,102.16
ORD-1650,2023-08-25 20:05:02.702702,East,Clothing,Dress,73.5,7.0,0.2,411.6
ORD-1651,2023-08-26 04:49:43.783783,West,Clothing,Jacket,73.99,8.0,0.0,591.92
ORD-1652,2023-08-26 13:34:24.864864,West,Groceries,Olive Oil,38.44,8.0,0.2,246.02
ORD-1653,2023-08-26 22:19:05.945945,West,Sports,Tennis Racket,43.0,3.0,0.05,122.55
ORD-1654,2023-08-27 07:03:47.027027,East,Sports,Tennis Racket,273.78,1.0,0.2,219.02
ORD-1655,2023-08-27 15:48:28.108108,South,Electronics,Phone,1307.94,9.0,0.2,9417.17
ORD-1656,2023-08-28 00:33:09.189189,North,Electronics,Phone,1068.15,6.0,0.0,6408.9
ORD-1657,2023-08-28 09:17:50.270270,East,Clothing,Jacket,126.78,9.0,0.15,969.87
ORD-1658,2023-08-28 18:02:31.351351,West,Electronics,Laptop,1359.99,7.0,0.2,7615.94
ORD-1659,2023-08-29 02:47:12.432432,East,Groceries,Coffee,13.34,1.0,0.2,10.67
ORD-1660,2023-08-29 11:31:53.513513,West,Sports,Dumbbells,51.32,1.0,0.15,43.62
ORD-1661,2023-08-29 20:16:34.594594,North,Clothing,Jacket,63.11,6.0,0.0,378.66
ORD-1662,2023-08-30 05:01:15.675675,North,Electronics,Phone,1232.95,5.0,0.15,5240.04
ORD-1663,2023-08-30 13:45:56.756756,South,Groceries,Coffee,6.56,9.0,0.0,59.04
ORD-1664,2023-08-30 22:30:37.837837,West,Groceries,Coffee,31.23,2.0,0.05,59.34
ORD-1665,2023-08-31 07:15:18.918918,South,Electronics,Monitor,1494.07,8.0,0.0,11952.56
ORD-1666,2023-08-31 16:00:00.000000,South,Sports,Yoga Mat,261.04,5.0,0.05,1239.94
ORD-1667,2023-09-01 00:44:41.081081,North,Electronics,Monitor,877.88,2.0,0.05,1667.97
ORD-1668,2023-09-01 09:29:22.162162,East,Clothing,Jacket,31.46,6.0,0.0,188.76
ORD-1669,2023-09-01 18:14:03.243243,East,Electronics,Phone,1280.79,8.0,0.1,9221.69
ORD-1670,2023-09-02 02:58:44.324324,South,Groceries,Olive Oil,31.95,4.0,0.0,127.8
ORD-1671,2023-09-02 11:43:25.405405,North,Electronics,Headphones,349.41,2.0,0.2,559.06
ORD-1672,2023-09-02 20:28:06.486486,West,Sports,Running Shoes,55.34,5.0,0.2,221.36
ORD-1673,2023-09-03 05:12:47.567567,East,Furniture,Lamp,736.74,2.0,0.1,1326.13
ORD-1674,2023-09-03 13:57:28.648648,South,Electronics,Monitor,1069.96,2.0,0.05,2032.92
ORD-1675,2023-09-03 22:42:09.729729,East,Sports,Cycling Helmet,253.91,6.0,0.1,1371.11
ORD-1676,2023-09-04 07:26:50.810810,East,Sports,Tennis Racket,267.32,9.0,0.2,1924.7
ORD-1677,2023-09-04 16:11:31.891891,West,Groceries,Pasta,30.73,4.0,0.1,110.63
ORD-1678,2023-09-05 00:56:12.972972,North,Sports,Dumbbells,169.71,6.0,0.0,1018.26
ORD-1679,2023-09-05 09:40:54.054054,West,Sports,Cycling Helmet,146.22,7.0,0.1,921.19
ORD-1680,2023-09-05 18:25:35.135135,North,Sports,Running Shoes,115.58,6.0,0.05,658.81
ORD-1681,2023-09-06 03:10:16.216216,East,Sports,Yoga Mat,147.34,8.0,0.0,1178.72
ORD-1682,2023-09-06 11:54:57.297297,South,Clothing,Jacket,159.3,,0.15,541.62
ORD-1683,2023-09-06 20:39:38.378378,West,Clothing,Jacket,,1.0,0.2,102.68
ORD-1684,2023-09-07 05:24:19.459459,North,Groceries,Coffee,45.16,7.0,0.2,252.9
ORD-1685,2023-09-07 14:09:00.540540,East,Electronics,Phone,776.39,3.0,0.1,2096.25
ORD-1686,2023-09-07 22:53:41.621621,North,Sports,Cycling Helmet,193.91,6.0,0.0,1163.46
ORD-1687,2023-09-08 07:38:22.702702,North,Electronics,Tablet,1020.7,2.0,0.15,1735.19
ORD-1688,2023-09-08 16:23:03.783783,North,Electronics,Monitor,969.21,9.0,0.0,8722.89
ORD-1689,2023-09-09 01:07:44.864864,East,Groceries,Cereal,36.62,1.0,0.2,29.3
ORD-1690,2023-09-09 09:52:25.945945,South,Sports,Yoga Mat,94.11,6.0,0.0,564.66
ORD-1691,2023-09-09 18:37:07.027027,South,Sports,Tennis Racket,168.34,6.0,0.15,858.53
ORD-1692,2023-09-10 03:21:48.108108,South,Furniture,Chair,172.96,5.0,0.1,778.32
ORD-1693,2023-09-10 12:06:29.189189,North,Electronics,Monitor,699.86,5.0,0.05,3324.34
ORD-1694,2023-09-10 20:51:10.270270,East,Electronics,Phone,833.97,1.0,0.0,833.97
ORD-1695,2023-09-11 05:35:51.351351,North,Clothing,Shoes,137.4,5.0,0.05,652.65
ORD-1696,2023-09-11 14:20:32.432432,South,Furniture,Bookshelf,765.37,2.0,0.2,1224.59
ORD-1697,2023-09-11 23:05:13.513513,South,Clothing,Shoes,128.12,7.0,0.1,807.16
ORD-1698,2023-09-12 07:49:54.594594,East,Clothing,Dress,153.85,3.0,0.1,415.4
ORD-1699,2023-09-12 16:34:35.675675,North,Clothing,Dress,111.13,4.0,0.0,444.52
ORD-1700,2023-09-13 01:19:16.756756,West,Groceries,Coffee,33.53,3.0,0.1,90.53
ORD-1701,2023-09-13 10:03:57.837837,West,Groceries,Coffee,8.19,3.0,0.0,24.57
ORD-1702,2023-09-13 18:48:38.918918,South,Clothing,Dress,65.79,4.0,0.0,263.16
ORD-1703,2023-09-14 03:33:20.000000,East,Furniture,Desk,353.3,5.0,0.05,1678.18
ORD-1704,2023-09-14 12:18:01.081081,North,Electronics,Laptop,814.24,1.0,0.1,732.82
ORD-1705,2023-09-14 21:02:42.162162,North,Furniture,Sofa,131.95,4.0,0.0,527.8
ORD-1706,2023-09-15 05:47:23.243243,South,Sports,Yoga Mat,67.81,8.0,0.05,515.36
ORD-1707,2023-09-15 14:32:04.324324,South,Groceries,Coffee,17.46,7.0,0.15,103.89
ORD-1708,2023-09-15 23:16:45.405405,North,Electronics,Phone,1462.99,9.0,0.05,12508.56
ORD-1709,2023-09-16 08:01:26.486486,North,Electronics,Monitor,630.75,5.0,0.05,2996.06
ORD-1710,2023-09-16 16:46:07.567567,South,Sports,Dumbbells,160.15,4.0,0.0,640.6
ORD-1711,2023-09-17 01:30:48.648648,North,Sports,Tennis Racket,82.95,8.0,0.2,530.88
ORD-1712,2023-09-17 10:15:29.729729,West,Clothing,Jeans,129.94,9.0,0.2,935.57
ORD-1713,2023-09-17 19:00:10.810810,South,Groceries,Pasta,17.63,7.0,0.2,98.73
ORD-1714,2023-09-18 03:44:51.891891,North,Groceries,Coffee,14.31,7.0,0.05,95.16
ORD-1715,2023-09-18 12:29:32.972972,South,Furniture,Desk,461.6,5.0,0.0,2308.0
ORD-1716,2023-09-18 21:14:14.054054,East,Clothing,Jacket,20.99,4.0,0.1,75.56
ORD-1717,2023-09-19 05:58:55.135135,South,Clothing,Jacket,21.38,1.0,0.05,20.31
ORD-1718,2023-09-19 14:43:36.216216,South,Clothing,Jeans,59.43,7.0,0.05,395.21
ORD-1719,2023-09-19 23:28:17.297297,East,Clothing,Shoes,26.61,1.0,0.0,26.61
ORD-1720,2023-09-20 08:12:58.378378,West,Groceries,Coffee,9.86,1.0,0.15,8.38
ORD-1721,2023-09-20 16:57:39.459459,North,Groceries,Olive Oil,20.25,5.0,0.05,96.19
ORD-1722,2023-09-21 01:42:20.540540,East,Clothing,Shoes,164.47,,,1258.2
ORD-1723,2023-09-21 10:27:01.621621,South,Furniture,Desk,500.43,6.0,0.15,2552.19
ORD-1724,2023-09-21 19:11:42.702702,North,Electronics,Monitor,866.47,3.0,0.2,2079.53
ORD-1725,2023-09-22 03:56:23.783783,East,Electronics,Laptop,581.54,3.0,0.0,1744.62
ORD-1726,2023-09-22 12:41:04.864864,North,Furniture,Sofa,752.23,7.0,0.15,4475.77
ORD-1727,2023-09-22 21:25:45.945945,North,Clothing,Jeans,91.46,6.0,0.0,548.76
ORD-1728,2023-09-23 06:10:27.027027,East,Groceries,Coffee,8.92,9.0,0.2,64.22
ORD-1729,2023-09-23 14:55:08.108108,North,Electronics,Phone,1002.19,6.0,0.0,6013.14
ORD-1730,2023-09-23 23:39:49.189189,West,Sports,Tennis Racket,60.74,5.0,0.05,288.52
ORD-1731,2023-09-24 08:24:30.270270,East,Sports,Dumbbells,123.21,7.0,0.15,733.1
ORD-1732,2023-09-24 17:09:11.351351,West,Furniture,Lamp,455.19,1.0,0.0,455.19
ORD-1733,2023-09-25 01:53:52.432432,South,Clothing,Shoes,177.36,7.0,0.1,1117.37
ORD-1734,2023-09-25 10:38:33.513513,North,Electronics,Monitor,841.61,3.0,0.0,2524.83
ORD-1735,2023-09-25 19:23:14.594594,South,Clothing,T-Shirt,146.41,9.0,0.15,1120.04
ORD-1736,2023-09-26 04:07:55.675675,South,Electronics,Headphones,1490.66,6.0,0.2,7155.17
ORD-1737,2023-09-26 12:52:36.756756,North,Furniture,Lamp,192.04,9.0,0.2,1382.69
ORD-1738,2023-09-26 21:37:17.837837,East,Furniture,Chair,292.31,5.0,0.15,1242.32
ORD-1739,2023-09-27 06:21:58.918918,North,Sports,Tennis Racket,136.54,7.0,,907.99
ORD-1740,2023-09-27 15:06:40.000000,South,Clothing,Jeans,95.93,4.0,0.05,364.53
ORD-1741,2023-09-27 23:51:21.081081,South,Sports,Yoga Mat,140.98,7.0,0.2,789.49
ORD-1742,2023-09-28 08:36:02.162162,East,Clothing,Jacket,183.37,1.0,0.2,146.7
ORD-1743,2023-09-28 17:20:43.243243,North,Sports,Yoga Mat,222.79,7.0,0.15,1325.6
ORD-1744,2023-09-29 02:05:24.324324,South,Groceries,Rice,32.36,,0.05,245.94
ORD-1745,2023-09-29 10:50:05.405405,West,Groceries,Coffee,18.92,5.0,0.2,75.68
ORD-1746,2023-09-29 19:34:46.486486,South,Groceries,Pasta,42.07,2.0,0.05,79.93
ORD-1747,2023-09-30 04:19:27.567567,South,Groceries,Olive Oil,47.98,5.0,0.2,191.92
ORD-1748,2023-09-30 13:04:08.648648,East,Electronics,Monitor,1267.56,6.0,0.0,7605.36
ORD-1749,2023-09-30 21:48:49.729729,West,Groceries,Cereal,5.07,2.0,0.1,9.13
ORD-1750,2023-10-01 06:33:30.810810,South,Furniture,Chair,545.48,,0.0,3272.88
ORD-1751,2023-10-01 15:18:11.891891,South,Furniture,Bookshelf,135.79,6.0,0.2,651.79
ORD-1752,2023-10-02 00:02:52.972972,West,Electronics,Headphones,534.89,1.0,0.1,481.4
ORD-1753,2023-10-02 08:47:34.054054,North,Groceries,Cereal,7.68,1.0,0.1,6.91
ORD-1754,2023-10-02 17:32:15.135135,North,Groceries,Olive Oil,32.17,3.0,0.2,77.21
ORD-1755,2023-10-03 02:16:56.216216,South,Groceries,Pasta,35.9,3.0,0.2,86.16
ORD-1756,2023-10-03 11:01:37.297297,South,Sports,Cycling Helmet,60.91,4.0,0.05,231.46
ORD-1757,2023-10-03 19:46:18.378378,North,Clothing,Jeans,89.09,2.0,0.2,142.54
ORD-1758,2023-10-04 04:30:59.459459,East,Sports,Running Shoes,153.18,9.0,0.15,1171.83
ORD-1759,2023-10-04 13:15:40.540540,West,Clothing,Jeans,86.43,7.0,0.2,484.01
ORD-1760,2023-10-04 22:00:21.621621,West,Groceries,Coffee,10.45,7.0,0.15,62.18
ORD-1761,2023-10-05 06:45:02.702702,East,Groceries,Rice,23.85,6.0,0.2,114.48
ORD-1762,2023-10-05 15:29:43.783783,East,Sports,Yoga Mat,232.82,3.0,0.05,663.54
ORD-1763,2023-10-06 00:14:24.864864,East,Sports,Running Shoes,49.17,6.0,0.15,250.77
ORD-1764,2023-10-06 08:59:05.945945,East,Clothing,Dress,34.43,8.0,0.0,275.44
ORD-1765,2023-10-06 17:43:47.027027,East,Furniture,Sofa,348.34,8.0,,2368.71
ORD-1766,2023-10-07 02:28:28.108108,East,Clothing,Dress,189.51,9.0,0.05,1620.31
ORD-1767,2023-10-07 11:13:09.189189,West,Sports,Yoga Mat,210.51,1.0,0.15,178.93
ORD-1768,2023-10-07 19:57:50.270270,East,Sports,Yoga Mat,213.24,1.0,0.2,170.59
ORD-1769,2023-10-08 04:42:31.351351,North,Electronics,Headphones,670.5,3.0,0.2,1609.2
ORD-1770,2023-10-08 13:27:12.432432,East,Sports,Tennis Racket,190.29,3.0,0.05,542.33
ORD-1771,2023-10-08 22:11:53.513513,East,Electronics,Laptop,213.17,8.0,0.1,1534.82
ORD-1772,2023-10-09 06:56:34.594594,West,Furniture,Sofa,545.27,1.0,0.2,436.22
ORD-1773,2023-10-09 15:41:15.675675,West,Clothing,Shoes,184.39,2.0,0.0,368.78
ORD-1774,2023-10-10 00:25:56.756756,East,Clothing,Shoes,130.26,2.0,0.05,247.49
ORD-1775,2023-10-10 09:10:37.837837,West,Electronics,Headphones,1335.81,3.0,0.15,3406.32
ORD-1776,2023-10-10 17:55:18.918918,South,Clothing,Shoes,150.32,6.0,0.15,766.63
ORD-1777,2023-10-11 02:40:00.000000,West,Sports,Yoga Mat,62.55,1.0,0.0,62.55
ORD-1778,2023-10-11 11:24:41.081081,West,Groceries,Rice,45.61,2.0,0.2,72.98
ORD-1779,2023-10-11 20:09:22.162162,West,Electronics,Headphones,286.38,1.0,0.05,272.06
ORD-1780,2023-10-12 04:54:03.243243,West,Clothing,Dress,116.11,5.0,0.0,580.55
ORD-1781,2023-10-12 13:38:44.324324,North,Electronics,Headphones,384.78,7.0,0.2,2154.77
ORD-1782,2023-10-12 22:23:25.405405,North,Electronics,Tablet,215.22,8.0,0.05,1635.67
ORD-1783,2023-10-13 07:08:06.486486,North,Groceries,Cereal,,1.0,0.15,20.39
ORD-1784,2023-10-13 15:52:47.567567,East,Sports,Tennis Racket,109.66,7.0,0.05,729.24
ORD-1785,2023-10-14 00:37:28.648648,East,Electronics,Phone,831.8,5.0,0.1,3743.1
ORD-1786,2023-10-14 09:22:09.729729,South,Clothing,Jeans,123.9,1.0,0.05,117.7
ORD-1787,2023-10-14 18:06:50.810810,North,Furniture,Chair,130.62,3.0,0.1,352.67
ORD-1788,2023-10-15 02:51:31.891891,East,Electronics,Monitor,359.9,7.0,0.05,2393.33
ORD-1789,2023-10-15 11:36:12.972972,West,Electronics,Headphones,926.24,1.0,0.1,833.62
ORD-1790,2023-10-15 20:20:54.054054,West,Groceries,Pasta,20.44,7.0,0.15,121.62
ORD-1791,2023-10-16 05:05:35.135135,North,Sports,Running Shoes,226.88,5.0,0.2,907.52
ORD-1792,2023-10-16 13:50:16.216216,South,Furniture,Chair,556.6,1.0,0.1,500.94
ORD-1793,2023-10-16 22:34:57.297297,South,Clothing,Jacket,172.21,1.0,0.1,154.99
ORD-1794,2023-10-17 07:19:38.378378,West,Furniture,Lamp,584.74,1.0,0.15,497.03
ORD-1795,2023-10-17 16:04:19.459459,South,Clothing,Shoes,97.39,9.0,0.1,788.86
ORD-1796,2023-10-18 00:49:00.540540,North,Sports,Cycling Helmet,211.7,3.0,0.0,635.1
ORD-1797,2023-10-18 09:33:41.621621,West,Clothing,Shoes,69.57,5.0,0.15,295.67
ORD-1798,2023-10-18 18:18:22.702702,East,Groceries,Rice,18.78,9.0,0.0,169.02
ORD-1799,2023-10-19 03:03:03.783783,East,Groceries,Rice,40.5,6.0,0.15,206.55
ORD-1800,2023-10-19 11:47:44.864864,South,Groceries,Olive Oil,25.09,9.0,0.1,203.23
ORD-1801,2023-10-19 20:32:25.945945,West,Groceries,Coffee,40.93,8.0,0.0,327.44
ORD-1802,2023-10-20 05:17:07.027027,West,Furniture,Desk,675.7,8.0,0.1,4865.04
ORD-1803,2023-10-20 14:01:48.108108,East,Sports,Tennis Racket,261.54,1.0,0.15,222.31
ORD-1804,2023-10-20 22:46:29.189189,West,Clothing,Shoes,184.99,9.0,0.1,1498.42
ORD-1805,2023-10-21 07:31:10.270270,West,Clothing,Jeans,97.58,6.0,,585.48
ORD-1806,2023-10-21 16:15:51.351351,West,Groceries,Olive Oil,19.35,,0.0,174.15
ORD-1807,2023-10-22 01:00:32.432432,South,Groceries,Olive Oil,31.2,3.0,0.1,84.24
ORD-1808,2023-10-22 09:45:13.513513,West,Electronics,Phone,682.52,3.0,0.05,1945.18
ORD-1809,2023-10-22 18:29:54.594594,North,Sports,Yoga Mat,192.29,6.0,0.15,980.68
ORD-1810,2023-10-23 03:14:35.675675,South,Furniture,Desk,593.91,9.0,0.15,4543.41
ORD-1811,2023-10-23 11:59:16.756756,West,Clothing,Shoes,143.91,,0.1,906.63
ORD-1812,2023-10-23 20:43:57.837837,West,Electronics,Laptop,686.92,3.0,0.05,1957.72
ORD-1813,2023-10-24 05:28:38.918918,North,Electronics,Tablet,416.92,3.0,0.0,1250.76
ORD-1814,2023-10-24 14:13:20.000000,South,Clothing,Jeans,97.5,2.0,0.2,156.0
ORD-1815,2023-10-24 22:58:01.081081,East,Furniture,Bookshelf,199.82,9.0,0.2,1438.7
ORD-1816,2023-10-25 07:42:42.162162,East,Electronics,Headphones,1357.13,3.0,0.1,3664.25
ORD-1817,2023-10-25 16:27:23.243243,South,Electronics,Monitor,649.64,5.0,0.05,3085.79
ORD-1818,2023-10-26 01:12:04.324324,West,Sports,Tennis Racket,71.7,9.0,0.05,613.04
ORD-1819,2023-10-26 09:56:45.405405,West,Furniture,Desk,117.81,8.0,0.15,801.11
ORD-1820,2023-10-26 18:41:26.486486,East,Electronics,Phone,1039.57,2.0,0.0,2079.14
ORD-1821,2023-10-27 03:26:07.567567,East,Furniture,Bookshelf,545.83,3.0,0.05,1555.62
ORD-1822,2023-10-27 12:10:48.648648,East,Clothing,Jeans,81.31,2.0,0.2,130.1
ORD-1823,2023-10-27 20:55:29.729729,North,Groceries,Cereal,8.23,8.0,0.0,65.84
ORD-1824,2023-10-28 05:40:10.810810,East,Electronics,Laptop,732.52,6.0,0.0,4395.12
ORD-1825,2023-10-28 14:24:51.891891,North,Sports,Running Shoes,114.03,6.0,0.1,615.76
ORD-1826,2023-10-28 23:09:32.972972,South,Clothing,Shoes,141.88,9.0,,1213.07
ORD-1827,2023-10-29 07:54:14.054054,West,Furniture,Desk,524.05,8.0,0.1,3773.16
ORD-1828,2023-10-29 16:38:55.135135,East,Clothing,T-Shirt,85.63,4.0,0.05,325.39
ORD-1829,2023-10-30 01:23:36.216216,West,Electronics,Phone,483.26,4.0,0.15,1643.08
ORD-1830,2023-10-30 10:08:17.297297,West,Furniture,Sofa,791.63,9.0,0.1,6412.2
ORD-1831,2023-10-30 18:52:58.378378,East,Groceries,Pasta,25.43,1.0,0.1,22.89
ORD-1832,2023-10-31 03:37:39.459459,East,Clothing,Jeans,143.89,2.0,0.2,230.22
ORD-1833,2023-10-31 12:22:20.540540,South,Electronics,Phone,382.72,2.0,0.1,688.9
ORD-1834,2023-10-31 21:07:01.621621,North,Sports,Yoga Mat,161.11,6.0,0.05,918.33
ORD-1835,2023-11-01 05:51:42.702702,North,Furniture,Desk,119.28,4.0,0.2,381.7
ORD-1836,2023-11-01 14:36:23.783783,West,Clothing,T-Shirt,110.98,3.0,0.1,299.65
ORD-1837,2023-11-01 23:21:04.864864,East,Clothing,Dress,193.52,3.0,0.1,522.5
ORD-1838,2023-11-02 08:05:45.945945,South,Groceries,Olive Oil,22.29,3.0,0.15,56.84
ORD-1839,2023-11-02 16:50:27.027027,South,Groceries,Rice,6.75,6.0,0.1,36.45
ORD-1840,2023-11-03 01:35:08.108108,South,Sports,Tennis Racket,38.36,8.0,0.0,306.88
ORD-1841,2023-11-03 10:19:49.189189,South,Sports,Yoga Mat,134.76,7.0,0.2,754.66
ORD-1842,2023-11-03 19:04:30.270270,South,Electronics,Laptop,408.03,4.0,0.0,1632.12
ORD-1843,2023-11-04 03:49:11.351351,North,Electronics,Tablet,230.36,4.0,0.2,737.15
ORD-1844,2023-11-04 12:33:52.432432,North,Sports,Running Shoes,234.18,2.0,0.15,398.11
ORD-1845,2023-11-04 21:18:33.513513,North,Sports,Running Shoes,,1.0,0.1,138.42
ORD-1846,2023-11-05 06:03:14.594594,East,Furniture,Chair,302.47,9.0,0.1,2450.01
ORD-1847,2023-11-05 14:47:55.675675,West,Groceries,Pasta,45.5,2.0,0.1,81.9
ORD-1848,2023-11-05 23:32:36.756756,South,Electronics,Headphones,350.98,8.0,0.2,2246.27
ORD-1849,2023-11-06 08:17:17.837837,East,Groceries,Pasta,48.02,9.0,0.1,388.96
ORD-1850,2023-11-06 17:01:58.918918,South,Groceries,Pasta,19.13,4.0,0.0,76.52
ORD-1851,2023-11-07 01:46:40.000000,North,Sports,Yoga Mat,269.87,8.0,0.1,1943.06
ORD-1852,2023-11-07 10:31:21.081081,East,Furniture,Chair,522.06,9.0,0.15,3993.76
ORD-1853,2023-11-07 19:16:02.162162,North,Clothing,T-Shirt,168.81,5.0,0.0,844.05
ORD-1854,2023-11-08 04:00:43.243243,South,Furniture,Chair,788.81,7.0,0.1,4969.5
ORD-1855,2023-11-08 12:45:24.324324,South,Furniture,Lamp,301.88,4.0,0.1,1086.77
ORD-1856,2023-11-08 21:30:05.405405,West,Groceries,Rice,48.25,1.0,0.05,45.84
ORD-1857,2023-11-09 06:14:46.486486,South,Furniture,Lamp,372.64,3.0,0.2,894.34
ORD-1858,2023-11-09 14:59:27.567567,North,Electronics,Monitor,701.17,5.0,0.0,3505.85
ORD-1859,2023-11-09 23:44:08.648648,South,Groceries,Rice,20.32,3.0,0.05,57.91
ORD-1860,2023-11-10 08:28:49.729729,West,Electronics,Tablet,903.83,7.0,0.15,5377.79
ORD-1861,2023-11-10 17:13:30.810810,West,Clothing,Dress,47.75,9.0,0.2,343.8
ORD-1862,2023-11-11 01:58:11.891891,North,Groceries,Pasta,29.92,6.0,0.0,179.52
ORD-1863,2023-11-11 10:42:52.972972,East,Clothing,Shoes,117.51,1.0,0.1,105.76
ORD-1864,2023-11-11 19:27:34.054054,South,Groceries,Coffee,39.29,7.0,0.0,275.03
ORD-1865,2023-11-12 04:12:15.135135,West,Sports,Cycling Helmet,255.09,3.0,0.1,688.74
ORD-1866,2023-11-12 12:56:56.216216,South,Furniture,Desk,408.31,5.0,0.2,1633.24
ORD-1867,2023-11-12 21:41:37.297297,South,Sports,Dumbbells,111.63,4.0,,401.87
ORD-1868,2023-11-13 06:26:18.378378,East,Clothing,Shoes,66.68,5.0,0.15,283.39
ORD-1869,2023-11-13 15:10:59.459459,West,Furniture,Chair,236.24,5.0,0.1,1063.08
ORD-1870,2023-11-13 23:55:40.540540,South,Groceries,Olive Oil,7.59,6.0,0.15,38.71
ORD-1871,2023-11-14 08:40:21.621621,West,Furniture,Lamp,339.71,6.0,0.2,1630.61
ORD-1872,2023-11-14 17:25:02.702702,North,Electronics,Tablet,551.32,8.0,0.2,3528.45
ORD-1873,2023-11-15 02:09:43.783783,North,Furniture,Chair,776.49,8.0,0.0,6211.92
ORD-1874,2023-11-15 10:54:24.864864,South,Electronics,Laptop,925.02,9.0,0.15,7076.4
ORD-1875,2023-11-15 19:39:05.945945,West,Furniture,Lamp,343.09,8.0,0.15,2333.01
ORD-1876,2023-11-16 04:23:47.027027,South,Electronics,Laptop,954.61,2.0,0.05,1813.76
ORD-1877,2023-11-16 13:08:28.108108,West,Clothing,Dress,45.06,1.0,0.05,42.81
ORD-1878,2023-11-16 21:53:09.189189,West,Sports,Dumbbells,149.89,2.0,0.05,284.79
ORD-1879,2023-11-17 06:37:50.270270,East,Groceries,Cereal,33.18,2.0,0.1,59.72
ORD-1880,2023-11-17 15:22:31.351351,East,Furniture,Sofa,442.23,3.0,0.05,1260.36
ORD-1881,2023-11-18 00:07:12.432432,East,Sports,Tennis Racket,138.48,7.0,0.15,823.96
ORD-1882,2023-11-18 08:51:53.513513,South,Groceries,Cereal,49.72,2.0,0.1,89.5
ORD-1883,2023-11-18 17:36:34.594594,East,Groceries,Rice,44.61,1.0,0.2,35.69
ORD-1884,2023-11-19 02:21:15.675675,East,Electronics,Laptop,1010.43,6.0,0.0,6062.58
ORD-1885,2023-11-19 11:05:56.756756,North,Clothing,T-Shirt,122.49,9.0,0.05,1047.29
ORD-1886,2023-11-19 19:50:37.837837,West,Clothing,T-Shirt,131.72,3.0,0.2,316.13
ORD-1887,2023-11-20 04:35:18.918918,West,Sports,Cycling Helmet,84.35,6.0,0.15,430.18
ORD-1888,2023-11-20 13:20:00.000000,East,Clothing,Dress,91.12,3.0,0.0,273.36
ORD-1889,2023-11-20 22:04:41.081081,West,Furniture,Desk,127.62,1.0,0.2,102.1
ORD-1890,2023-11-21 06:49:22.162162,North,Clothing,Jacket,105.6,5.0,0.0,528.0
ORD-1891,2023-11-21 15:34:03.243243,North,Sports,Cycling Helmet,176.62,4.0,0.05,671.16
ORD-1892,2023-11-22 00:18:44.324324,East,Clothing,Jeans,60.99,7.0,0.15,362.89
ORD-1893,2023-11-22 09:03:25.405405,North,Furniture,Desk,774.82,6.0,0.0,4648.92
ORD-1894,2023-11-22 17:48:06.486486,West,Electronics,Laptop,1382.29,7.0,0.2,7740.82
ORD-1895,2023-11-23 02:32:47.567567,South,Sports,Cycling Helmet,224.98,5.0,0.05,1068.65
ORD-1896,2023-11-23 11:17:28.648648,West,Electronics,Monitor,893.4,4.0,0.05,3394.92
ORD-1897,2023-11-23 20:02:09.729729,South,Electronics,Phone,1330.96,7.0,0.2,7453.38
ORD-1898,2023-11-24 04:46:50.810810,East,Electronics,Phone,369.85,7.0,0.2,2071.16
ORD-1899,2023-11-24 13:31:31.891891,South,Groceries,Coffee,40.57,,0.0,243.42
ORD-1900,2023-11-24 22:16:12.972972,North,Groceries,Cereal,10.62,8.0,0.1,76.46
ORD-1901,2023-11-25 07:00:54.054054,West,Electronics,Monitor,1232.47,4.0,0.05,4683.39
ORD-1902,2023-11-25 15:45:35.135135,South,Sports,Dumbbells,104.46,5.0,0.0,522.3
ORD-1903,2023-11-26 00:30:16.216216,West,Furniture,Chair,,4.0,0.2,2284.67
ORD-1904,2023-11-26 09:14:57.297297,East,Furniture,Bookshelf,760.83,1.0,0.0,760.83
ORD-1905,2023-11-26 17:59:38.378378,East,Clothing,Shoes,46.78,8.0,0.2,299.39
ORD-1906,2023-11-27 02:44:19.459459,North,Sports,Dumbbells,154.92,1.0,0.15,131.68
ORD-1907,2023-11-27 11:29:00.540540,East,Groceries,Cereal,49.14,5.0,0.2,196.56
ORD-1908,2023-11-27 20:13:41.621621,South,Electronics,Headphones,828.43,6.0,0.2,3976.46
ORD-1909,2023-11-28 04:58:22.702702,East,Clothing,Dress,175.44,6.0,0.2,842.11
ORD-1910,2023-11-28 13:43:03.783783,North,Furniture,Sofa,512.11,5.0,0.1,2304.5
ORD-1911,2023-11-28 22:27:44.864864,West,Groceries,Pasta,21.89,3.0,0.2,52.54
ORD-1912,2023-11-29 07:12:25.945945,West,Groceries,Coffee,17.86,5.0,0.05,84.84
ORD-1913,2023-11-29 15:57:07.027027,East,Electronics,Tablet,464.19,8.0,0.05,3527.84
ORD-1914,2023-11-30 00:41:48.108108,South,Furniture,Sofa,633.26,2.0,0.0,1266.52
ORD-1915,2023-11-30 09:26:29.189189,North,Sports,Running Shoes,134.37,6.0,0.1,725.6
ORD-1916,2023-11-30 18:11:10.270270,South,Groceries,Cereal,28.01,9.0,0.0,252.09
ORD-1917,2023-12-01 02:55:51.351351,North,Electronics,Tablet,840.02,8.0,0.05,6384.15
ORD-1918,2023-12-01 11:40:32.432432,East,Sports,Running Shoes,185.87,8.0,0.05,1412.61
ORD-1919,2023-12-01 20:25:13.513513,North,Furniture,Bookshelf,705.9,8.0,0.15,4800.12
ORD-1920,2023-12-02 05:09:54.594594,North,Groceries,Rice,49.13,7.0,0.2,275.13
ORD-1921,2023-12-02 13:54:35.675675,East,Sports,Tennis Racket,140.05,8.0,0.05,1064.38
ORD-1922,2023-12-02 22:39:16.756756,South,Sports,Cycling Helmet,253.43,6.0,0.0,1520.58
ORD-1923,2023-12-03 07:23:57.837837,East,Sports,Cycling Helmet,236.42,2.0,0.0,472.84
ORD-1924,2023-12-03 16:08:38.918918,North,Groceries,Coffee,30.81,2.0,0.2,49.3
ORD-1925,2023-12-04 00:53:20.000000,East,Groceries,Cereal,48.02,8.0,0.2,307.33
ORD-1926,2023-12-04 09:38:01.081081,North,Clothing,Shoes,56.09,1.0,0.15,47.68
ORD-1927,2023-12-04 18:22:42.162162,East,Furniture,Sofa,176.48,6.0,0.1,952.99
ORD-1928,2023-12-05 03:07:23.243243,West,Electronics,Phone,1310.15,6.0,0.0,7860.9
ORD-1929,2023-12-05 11:52:04.324324,West,Sports,Running Shoes,148.57,4.0,0.2,475.42
ORD-1930,2023-12-05 20:36:45.405405,East,Clothing,Dress,172.45,3.0,0.0,517.35
ORD-1931,2023-12-06 05:21:26.486486,South,Electronics,Monitor,1361.02,3.0,0.2,3266.45
ORD-1932,2023-12-06 14:06:07.567567,North,Clothing,Dress,31.24,,0.05,29.68
ORD-1933,2023-12-06 22:50:48.648648,West,Groceries,Olive Oil,44.76,3.0,0.0,134.28
ORD-1934,2023-12-07 07:35:29.729729,South,Sports,Running Shoes,151.05,4.0,,573.99
ORD-1935,2023-12-07 16:20:10.810810,North,Electronics,Headphones,863.56,5.0,0.0,4317.8
ORD-1936,2023-12-08 01:04:51.891891,West,Electronics,Tablet,1014.57,3.0,0.1,2739.34
ORD-1937,2023-12-08 09:49:32.972972,West,Electronics,Phone,1404.3,6.0,0.15,7161.93
ORD-1938,2023-12-08 18:34:14.054054,East,Electronics,Headphones,224.85,5.0,0.05,1068.04
ORD-1939,2023-12-09 03:18:55.135135,North,Electronics,Phone,819.9,3.0,0.2,1967.76
ORD-1940,2023-12-09 12:03:36.216216,South,Clothing,Jeans,143.79,6.0,0.1,776.47
ORD-1941,2023-12-09 20:48:17.297297,South,Sports,Yoga Mat,225.13,6.0,0.0,1350.78
ORD-1942,2023-12-10 05:32:58.378378,South,Groceries,Cereal,36.16,8.0,0.05,274.82
ORD-1943,2023-12-10 14:17:39.459459,North,Groceries,Coffee,11.05,2.0,0.0,22.1
ORD-1944,2023-12-10 23:02:20.540540,South,Groceries,Pasta,18.47,1.0,0.0,18.47
ORD-1945,2023-12-11 07:47:01.621621,South,Groceries,Rice,21.14,4.0,0.0,84.56
ORD-1946,2023-12-11 16:31:42.702702,South,Clothing,Jacket,164.8,7.0,0.15,980.56
ORD-1947,2023-12-12 01:16:23.783783,East,Furniture,Bookshelf,295.13,3.0,0.15,752.58
ORD-1948,2023-12-12 10:01:04.864864,East,Sports,Dumbbells,86.89,3.0,0.2,208.54
ORD-1949,2023-12-12 18:45:45.945945,North,Electronics,Monitor,1444.68,5.0,0.05,6862.23
ORD-1950,2023-12-13 03:30:27.027027,North,Furniture,Chair,106.2,5.0,0.1,477.9
ORD-1951,2023-12-13 12:15:08.108108,South,Groceries,Pasta,49.9,3.0,0.1,134.73
ORD-1952,2023-12-13 20:59:49.189189,East,Furniture,Lamp,573.77,9.0,0.1,4647.54
ORD-1953,2023-12-14 05:44:30.270270,West,Sports,Dumbbells,253.69,4.0,0.0,1014.76
ORD-1954,2023-12-14 14:29:11.351351,West,Electronics,Headphones,583.01,3.0,0.15,1486.68
ORD-1955,2023-12-14 23:13:52.432432,South,Electronics,Headphones,218.61,2.0,0.05,415.36
ORD-1956,2023-12-15 07:58:33.513513,South,Sports,Tennis Racket,229.22,9.0,0.0,2062.98
ORD-1957,2023-12-15 16:43:14.594594,East,Sports,Yoga Mat,255.22,4.0,0.15,867.75
ORD-1958,2023-12-16 01:27:55.675675,East,Groceries,Coffee,38.32,3.0,0.15,97.72
ORD-1959,2023-12-16 10:12:36.756756,East,Electronics,Monitor,,7.0,0.05,2564.97
ORD-1960,2023-12-16 18:57:17.837837,North,Furniture,Desk,627.4,8.0,0.05,4768.24
ORD-1961,2023-12-17 03:41:58.918918,North,Clothing,Jacket,158.41,2.0,0.05,300.98
ORD-1962,2023-12-17 12:26:40.000000,South,Clothing,Shoes,138.54,7.0,0.0,969.78
ORD-1963,2023-12-17 21:11:21.081081,North,Sports,Running Shoes,236.85,5.0,,947.4
ORD-1964,2023-12-18 05:56:02.162162,East,Groceries,Coffee,43.07,5.0,0.05,204.58
ORD-1965,2023-12-18 14:40:43.243243,East,Clothing,T-Shirt,130.45,3.0,0.2,313.08
ORD-1966,2023-12-18 23:25:24.324324,North,Electronics,Phone,315.19,5.0,0.0,1575.95
ORD-1967,2023-12-19 08:10:05.405405,West,Sports,Yoga Mat,161.66,2.0,0.2,258.66
ORD-1968,2023-12-19 16:54:46.486486,South,Furniture,Desk,154.35,4.0,0.1,555.66
ORD-1969,2023-12-20 01:39:27.567567,West,Sports,Dumbbells,140.04,6.0,0.2,672.19
ORD-1970,2023-12-20 10:24:08.648648,South,Furniture,Chair,384.97,1.0,0.05,365.72
ORD-1971,2023-12-20 19:08:49.729729,West,Sports,Running Shoes,47.82,4.0,0.0,191.28
ORD-1972,2023-12-21 03:53:30.810810,North,Sports,Dumbbells,124.18,6.0,0.05,707.83
ORD-1973,2023-12-21 12:38:11.891891,South,Sports,Yoga Mat,59.97,9.0,0.1,485.76
ORD-1974,2023-12-21 21:22:52.972972,South,Furniture,Desk,665.76,2.0,0.05,1264.94
ORD-1975,2023-12-22 06:07:34.054054,South,Furniture,Sofa,763.38,7.0,0.05,5076.48
ORD-1976,2023-12-22 14:52:15.135135,East,Sports,Running Shoes,49.53,6.0,0.05,282.32
ORD-1977,2023-12-22 23:36:56.216216,East,Clothing,Dress,191.92,2.0,0.15,326.26
ORD-1978,2023-12-23 08:21:37.297297,West,Groceries,Pasta,,8.0,0.1,205.34
ORD-1979,2023-12-23 17:06:18.378378,North,Groceries,Olive Oil,18.48,7.0,0.05,122.89
ORD-1980,2023-12-24 01:50:59.459459,East,Groceries,Coffee,8.46,5.0,0.05,40.18
ORD-1981,2023-12-24 10:35:40.540540,South,Furniture,Bookshelf,450.44,5.0,0.05,2139.59
ORD-1982,2023-12-24 19:20:21.621621,East,Furniture,Desk,656.16,7.0,0.0,4593.12
ORD-1983,2023-12-25 04:05:02.702702,North,Clothing,T-Shirt,147.28,9.0,0.15,1126.69
ORD-1984,2023-12-25 12:49:43.783783,East,Groceries,Pasta,7.26,9.0,0.0,65.34
ORD-1985,2023-12-25 21:34:24.864864,South,Groceries,Olive Oil,8.28,9.0,0.15,63.34
ORD-1986,2023-12-26 06:19:05.945945,West,Sports,Tennis Racket,138.78,6.0,0.05,791.05
ORD-1987,2023-12-26 15:03:47.027027,South,Furniture,Desk,306.7,6.0,0.1,1656.18
ORD-1988,2023-12-26 23:48:28.108108,North,Groceries,Rice,15.46,3.0,,37.1
ORD-1989,2023-12-27 08:33:09.189189,West,Clothing,Jeans,70.58,1.0,0.2,56.46
ORD-1990,2023-12-27 17:17:50.270270,East,Clothing,Shoes,164.63,7.0,0.05,1094.79
ORD-1991,2023-12-28 02:02:31.351351,East,Groceries,Rice,46.82,4.0,0.0,187.28
ORD-1992,2023-12-28 10:47:12.432432,East,Furniture,Sofa,383.57,1.0,0.1,345.21
ORD-1993,2023-12-28 19:31:53.513513,West,Clothing,Dress,183.1,8.0,0.15,1245.08
ORD-1994,2023-12-29 04:16:34.594594,South,Sports,Dumbbells,116.8,6.0,0.05,665.76
ORD-1995,2023-12-29 13:01:15.675675,West,Clothing,T-Shirt,,6.0,,571.1
ORD-1996,2023-12-29 21:45:56.756756,West,Electronics,Monitor,493.84,2.0,0.1,888.91
ORD-1997,2023-12-30 06:30:37.837837,North,Electronics,Laptop,1032.62,1.0,0.15,877.73
ORD-1998,2023-12-30 15:15:18.918918,West,Furniture,Lamp,785.29,2.0,0.1,1413.52
ORD-1999,2023-12-31 00:00:00.000000,East,Groceries,Olive Oil,32.16,4.0,0.0,128.64
